dataset,1,2,3
Train set,0.0005815476245086275,6.525332058573747e-05,0.00037047368788600414
Test  set,0.0005560041606449658,6.150229455317025e-05,0.00036178728848278266
80.42845940589905,158.8534471988678,991.0189266204834