dataset,1,2,3
Train set,0.005364461314086679,0.0001884600797290863,5.316891171966822e-05
Test  set,0.005459457968054323,0.00019430961376774855,5.825079684938463e-05
100.4856698513031,127.2453761100769,928.2712416648865