dataset,1,2,3
Train set,0.005254320757151589,0.004978509529249817,0.004902771297035256
Test  set,0.005880043643304175,0.005212197531837347,0.004480540867231412
5.431534290313721,5.647362470626831,8.264518022537231