dataset,1,2,3
Train set,0.0053081160111712496,0.005179617412299954,0.00501448293667289
Test  set,0.006569006914593125,0.005298045839867979,0.005290309848997983
5.673933506011963,5.831892013549805,8.19283151626587