dataset,1,2,3
Train set,0.005171867132406062,0.004191017731937742,0.004182731156681827
Test  set,0.008752827556706873,0.008535487176227501,0.0069659618985899435
5.539443731307983,5.730991363525391,11.592476844787598