ParamValue,Train MSE,Test MSE, Exec Time
10,0.6896877408804811,0.21565999189429758,8.689394474029541
15,0.013855220318771603,0.021839361657732762,3.8767824172973633
20,0.014862425186880074,0.019457079973296088,3.4041292667388916
25,0.015024818850622217,0.016269271483297196,4.072968482971191
30,0.007486784632195441,0.011349507567555563,3.547656297683716
35,0.009290753443864604,0.014040020043945781,3.7488014698028564
40,0.0061033276264045285,0.012117194374749686,3.593306303024292
45,0.005558483805404033,0.010014156727114278,4.186062574386597
50,0.0073350854102082474,0.013227611190518327,4.31279730796814