ParamValue,Train MSE,Test MSE, Exec Time
10,0.0287354898892866,0.17311528923131694,8.541491270065308
15,0.029309908151847256,0.025159457440261768,3.009169578552246
20,0.006567818317490467,0.006336889046476591,3.3508880138397217
25,0.007983550833036042,0.010006737987942866,3.9343783855438232
30,0.014139853217442431,0.00890918584223236,3.6037845611572266
35,0.00908002878778713,0.010979952445104978,3.1434342861175537
40,0.008934549295579033,0.0106883402562958,3.8142151832580566
45,0.00924778706547012,0.010486908242349678,3.8466782569885254
50,0.00971947017112774,0.008091777019201801,4.241710186004639