ParamValue,Train MSE,Test MSE, Exec Time
2,0.0043453608573785826,0.004536721911978588,11.874756813049316
3,0.0042027266909663245,0.005299866112169155,13.925172805786133
4,0.0026843213981355253,0.0052477511345469805,27.114397048950195
5,0.001973586540853801,0.005441126620193509,34.95118498802185
6,0.002247802705815228,0.005588883138930455,37.601693868637085