ParamValue,Train MSE,Test MSE, Exec Time
2,0.0041391875653258555,0.005559072088937799,11.199767589569092
3,0.004032009539688308,0.00880018441437155,14.151913166046143
4,0.003032440066381818,0.013280937343728172,24.46782374382019
5,0.00283823791992026,0.008407835157197367,33.25745987892151
6,0.0029381219842279675,0.008439545667792647,31.45173668861389