ParamValue,Train MSE,Test MSE, Exec Time
2,0.0041873346355226935,0.006752398184808609,11.084519863128662
3,0.003696968299648594,0.007143366706407662,15.988657236099243
4,0.002791867958336892,0.007795101586974176,26.51921796798706
5,0.0021372416526737447,0.007249100116535885,36.39719295501709
6,0.0021195109575756384,0.007877107499809159,39.27197265625