ParamValue,Train MSE,Test MSE, Exec Time
2,0.00403305268696863,0.006859435547955152,10.441474199295044
3,0.003516239867511641,0.006803996089980244,15.512459754943848
4,0.002871260506787396,0.007627764245651677,28.01715874671936
5,0.002219538085952599,0.03869101387607108,36.920178174972534
6,0.002316766678496256,0.037491908915195354,38.231160163879395