ParamValue,Train MSE,Test MSE, Exec Time
2,0.004619435657169002,0.004954768698705327,10.899312734603882
3,0.0037180879346267524,0.007246756807229407,15.276403188705444
4,0.002636785867135329,0.008901605162301174,27.853424310684204
5,0.0022628377690258293,0.007874885370782346,38.86458492279053
6,0.0022259372896437455,0.013742682273552333,41.017611503601074