dataset,1,2,3
Train set,0.004921755301045312,0.004638614037594227,0.004513835406563807
Test  set,0.008194213407267531,0.0069586784034363375,0.007477973930077324
4.757480144500732,5.648406505584717,6.063840389251709