dataset,1,2,3
Train set,0.005614755916192097,0.005323840740983261,0.00518983718089533
Test  set,0.004666115846082247,0.004371237508229108,0.004122253405604293
5.361057281494141,5.906612157821655,7.785598278045654