ParamValue,Train MSE,Test MSE, Exec Time
10,155.77139946597822,314.4933245346349,9.889762878417969
15,0.02239058564569671,0.018640718031906096,3.253248691558838
20,0.011549307744799115,0.008572600875812526,3.319162607192993
25,0.009229532174521252,0.008185070170108414,3.8562352657318115
30,0.008701809830277149,0.00842476681473466,3.371013641357422
35,0.009853093831635445,0.010101610011487395,3.909384250640869
40,0.00972276795876537,0.009264202910638302,4.096494197845459
45,0.012190696686780293,0.008466254997997994,5.301292896270752
50,0.00881654628943024,0.009261952992174926,4.326699733734131