ParamValue,Train MSE,Test MSE, Exec Time
10,0.20190612243913428,0.1543326392644814,9.113481044769287
15,0.009600409289908553,0.01138766531407451,3.7014029026031494
20,0.012456011722621028,0.04128596544269149,3.4710683822631836
25,0.008095706317866868,0.008276178155509597,3.3710246086120605
30,0.013222374105497769,0.015579968547761777,4.082106828689575
35,0.011740781313742867,0.014487217357773252,3.714444637298584
40,0.2209322572317953,0.022298280684182138,4.719818353652954
45,0.008961580600070632,0.01120826257647381,4.05463981628418
50,0.010776635184795682,0.011849854738245538,4.411309480667114