ParamValue,Train MSE,Test MSE, Exec Time
10,1.1223417211351647,2.81833393230623,7.631296634674072
15,0.028451546983606656,0.05200422822765517,3.9515411853790283
20,0.012293229138021014,0.012970463628901873,4.109346151351929
25,0.009359027125325768,0.01092698671015658,3.138360023498535
30,0.02761103969853271,0.05038665629901975,4.132948160171509
35,0.006862411406656067,0.006917944933997453,3.6842236518859863
40,0.00828930186158081,0.006560694820335536,4.32773756980896
45,0.009295299927466475,0.010091091658365869,3.7113022804260254
50,0.008731225453630575,0.00669015711491937,4.319967985153198