ParamValue,Train MSE,Test MSE, Exec Time
10,0.0224533319077366,0.03456402085809675,8.447397947311401
15,0.03914096682255355,0.04204205971233736,3.820096492767334
20,0.02555286630892901,0.023825698031352607,3.397047519683838
25,0.013906124676432504,0.013320891029378565,3.875261068344116
30,0.007692624339518522,0.011402114065582737,3.8524856567382812
35,0.007796128792593352,0.010645246349667093,3.812641143798828
40,0.00808184503787715,0.009618675878544408,4.233093500137329
45,0.009428692448760826,0.007585988663842053,3.67093563079834
50,0.006066502356551354,0.006860719572401426,3.4687294960021973