ParamValue,Train MSE,Test MSE, Exec Time
2,0.00453133840345402,0.004622996194512458,10.831629037857056
3,0.0038579746018599466,0.007342201166372397,14.205162286758423
4,0.0028903352267117518,0.0027907182538749234,25.158470630645752
5,0.0023687486730744793,0.006563161915881036,36.15401601791382
6,0.0021324862460112616,0.011180616680387811,38.39421367645264