dataset,1,2,3
Train set,0.01862640924979691,0.01037305950592748,0.00817498900174923
Test  set,0.013745888862291628,0.007764437427037552,0.006947031182598059
11.23744821548462,12.178538799285889,21.19750165939331