dataset,1,2,3
Train set,0.01819012403201552,0.010344351355901425,0.009110225350791841
Test  set,0.016424390630874204,0.013919692940494093,0.00891862657833734
9.874209642410278,16.348793506622314,13.360218286514282