ParamValue,Train MSE,Test MSE, Exec Time
2,0.004411538552970149,0.009715394412722804,7.187498331069946
3,0.0035167286617414847,0.02393735345327888,12.481261014938354
4,0.0035087102749874984,0.022723959561820405,15.186898946762085
5,0.0033347967404941613,0.024603730892712075,15.164698600769043
6,0.0033350024558869043,0.024584627772177816,15.011842012405396
7,0.003359913446544543,0.024001770606673366,15.583410501480103
8,0.00262748229564031,0.01841946768652361,15.981799602508545
9,0.002656583310731378,0.01774622185607902,16.413334608078003
10,0.003358051641853416,0.02388853204841303,15.659696817398071