ParamValue,Train MSE,Test MSE, Exec Time
2,0.006156411942930507,0.0033208666845583284,8.400488138198853
3,0.004897454623696911,0.0064802707626991675,13.962085962295532
4,0.006578024640091384,0.006860498120602649,15.395015478134155
5,0.0066455690459924655,0.006925869486233006,16.0558922290802
6,0.006572618653999603,0.006868203680255357,15.877642154693604
7,0.006572367136622248,0.006871058563987487,16.82453179359436
8,0.006503147822433688,0.006904450776577798,18.08628511428833
9,0.006572367136622248,0.006871058563845305,16.35182523727417
10,0.005026534156376856,0.006303899422880219,18.95123052597046