ParamValue,Train MSE,Test MSE, Exec Time
2,0.0025745943040328474,0.005235050902074793,10.384104251861572
3,0.0024833927182266774,0.0051079391506557836,12.495144844055176
4,0.004144945741566187,0.01518135044775359,15.195953845977783
5,0.0043243485531817005,0.012596476340457232,15.532222986221313
6,0.0038659417722369614,0.009556192082877977,17.647568464279175
7,0.004666731420851684,0.010130275712446908,14.922845602035522
8,0.0032985755782500895,0.0052221632690766006,17.224756479263306
9,0.0044175800532038415,0.014592715143875423,15.649311542510986
10,0.004454210341506033,0.014665038791621223,14.717475175857544