ParamValue,Train MSE,Test MSE, Exec Time
2,0.003659368361242808,0.01011040308030465,9.632426738739014
3,0.004977180343775919,0.006891831456299336,12.514659404754639
4,0.004993235491878626,0.007062232099925716,17.32324767112732
5,0.005213899010129083,0.013621432517037924,16.142787218093872
6,0.005078110708347848,0.007815585003476396,17.487715244293213
7,0.005000331813351485,0.016903202278709895,16.633601665496826
8,0.004894819396244245,0.017088068890856463,16.977335691452026
9,0.004875397045424962,0.017383319379271896,17.120001077651978
10,0.00409348540074879,0.006868031907484258,17.76286220550537