ParamValue,Train MSE,Test MSE, Exec Time
2,0.005367764447896884,0.008005783460238515,8.603903532028198
3,0.0037184246975885335,0.009503146779712382,11.567353963851929
4,0.0029787581639665103,0.0042127264313250755,16.39307141304016
5,0.0045855978152920356,0.008276120677135634,14.569249391555786
6,0.0024759730951451576,0.0036866473580999927,15.971866607666016
7,0.004082996971996787,0.006015506311701892,14.661300897598267
8,0.0048674989870197555,0.008305439860644772,14.98107647895813
9,0.0024995988511211224,0.005780097096299018,16.21873950958252
10,0.0032149950666722177,0.006592127982690918,15.162567615509033