ParamValue,Train MSE,Test MSE, Exec Time
2,0.005096334787486408,0.006994449539676477,7.313364744186401
3,0.0048007849988943325,0.01741293251385404,13.894221782684326
4,0.002865065299467378,0.016902568484962497,15.461458444595337
5,0.004228287264617672,0.017345011634225044,16.759364366531372
6,0.004781894296971071,0.017432121781290142,15.909170150756836
7,0.0058557692150035,0.017904504175740413,15.111104726791382
8,0.0034195916520475523,0.016866671418747776,16.56702971458435
9,0.0037188670963618146,0.017071688215325898,17.349042892456055
10,0.004781964811201219,0.017422836724367483,16.404794454574585