ParamValue,Train MSE,Test MSE, Exec Time
2,0.0031443108752120955,0.002846856854128716,10.012943029403687
3,0.005864870770332478,0.006245785983795779,9.960600137710571
4,0.005606472852283761,0.0048773869813196,14.190820932388306
5,0.003114440322929574,0.004924476484921824,14.773171663284302
6,0.005606527802570046,0.004875812663132381,14.235607147216797
7,0.0030954946329813673,0.004947116037778508,15.596373081207275
8,0.0032425049367856645,0.003707656936765325,15.37802267074585
9,0.0056064728522837596,0.004877386980792478,14.57640552520752
10,0.00560647285228376,0.004877386981142729,14.302044153213501