ParamValue,Train MSE,Test MSE, Exec Time
2,0.0037079488950860578,0.011651402282583764,8.079329490661621
3,0.0029273980360309654,0.0055871007060542596,12.074814319610596
4,0.0038510405529596984,0.012935735774335962,15.090326309204102
5,0.004574870870632296,0.010037129641022768,14.971946477890015
6,0.0036806551041400275,0.011561623224494475,14.790576219558716
7,0.0029629854169282207,0.005163207398833557,16.024636268615723
8,0.0038510405529596984,0.012935735774259367,15.083715915679932
9,0.0038510405529596984,0.01293573577433596,14.827895641326904
10,0.0038510405529596993,0.012935735774365124,15.239350080490112