ParamValue,Train MSE,Test MSE, Exec Time
2,0.002830294943545203,0.006250905219415949,9.327261209487915
3,0.005026952834216709,0.006723379155427556,10.731119155883789
4,0.005295222397124067,0.006895464342156142,14.205475807189941
5,0.002685565382659785,0.007901615315965492,15.157577514648438
6,0.002785882250767958,0.006838725380873564,16.595800638198853
7,0.004620700518515529,0.010984941877872934,14.574387788772583
8,0.0030204176946370194,0.004938824397461791,14.582592964172363
9,0.005294277374209029,0.005363334742578348,14.36941647529602
10,0.003105650871405565,0.007255133128013088,14.190803289413452