ParamValue,Train MSE,Test MSE, Exec Time
2,0.003042683968644027,0.0115282715673534,8.671733140945435
3,0.0033639466833096892,0.021426416297775277,12.830081701278687
4,0.002755846492793469,0.03181927870942925,16.995116233825684
5,0.002738466481190928,0.03182841595495461,17.138579845428467
6,0.002756953133401589,0.0321072969300225,16.926541328430176
7,0.002984417072626789,0.023914834614983026,17.100872039794922
8,0.0032083792222718554,0.02156879141951281,17.11239790916443
9,0.0020805263261675306,0.027984934488746595,17.967896699905396
10,0.0029775925261319148,0.023921440542152877,16.776506185531616