ParamValue,Train MSE,Test MSE, Exec Time
2,0.005539389961659185,0.00809233601135192,9.114000082015991
3,0.002487237620488797,0.0063805296274817005,12.291891813278198
4,0.004936122931021147,0.00681428924014629,16.453184843063354
5,0.002179571510294863,0.005687653935775168,18.243528127670288
6,0.002612993463666239,0.00623132663464391,16.77825665473938
7,0.0021794414304792077,0.005675153853294412,17.438764572143555
8,0.005364733442593457,0.009753675869741464,16.69344925880432
9,0.0028270489910387627,0.00591448650394913,16.92418909072876
10,0.003920042318493081,0.006762772881465637,17.001340627670288