ParamValue,Train MSE,Test MSE, Exec Time
2,0.0026370455957992604,0.009212152668449375,11.372637748718262
3,0.0023039822073756522,0.01912617635545745,13.29423975944519
4,0.004675439274727334,0.009213043273483273,11.603945255279541
5,0.004701453224644365,0.009345404301870443,11.6590256690979
6,0.004673730379393986,0.00922044151705406,12.136873006820679
7,0.00467160583343359,0.009351547767505844,12.592836141586304
8,0.004701697532375555,0.009347411980757978,11.581202030181885
9,0.003559003664021725,0.0267308198542671,12.571984767913818
10,0.002580608936153148,0.009953038147613707,13.293484926223755