dataset,1,2,3
Train set,0.018291730134802023,0.009626149843467487,0.007522918288018108
Test  set,0.01460562073244087,0.0076253881282419425,0.0031453153094005647
11.307016372680664,14.945955753326416,20.02846050262451