dataset,1,2,3
Train set,0.020622639922626366,0.01115335157460732,0.010998013671665675
Test  set,0.02022920302020962,0.013089320664160808,0.01371815621631065
8.32037353515625,12.372140169143677,12.357037782669067