dataset,1,2,3
Train set,0.015553160964291145,0.006660258768141735,0.006243926207779763
Test  set,0.025790400859617674,0.01218174112226816,0.012170510820015466
12.638760328292847,15.872430801391602,18.02556037902832