ParamValue,Train MSE,Test MSE, Exec Time
10,0.038117511670690274,0.04257139289011771,18.258256196975708
15,0.061846111366978096,0.10015875065228719,11.620923519134521
20,0.02624436703929048,0.08105366204954641,11.75648045539856
25,0.020515490890326633,0.02078041664253347,11.667610883712769
30,0.06433312181445354,0.06409136165525159,13.019964456558228
35,0.011878319833300052,0.0399296554783254,13.93889594078064
40,0.008801152174923143,0.02168840083971627,12.927480697631836
45,0.008739368486687157,0.021874965767719058,15.780596494674683
50,0.08365604621161601,0.0738690901546678,16.162562131881714