ParamValue,Train MSE,Test MSE, Exec Time
2,0.0036353846978408036,0.002777378666050383,9.09302043914795
3,0.004050137975864267,0.0038710016820314424,15.02560567855835
4,0.0058112030042188805,0.0035807862252768756,16.494985103607178
5,0.004198984271271711,0.003286249053771696,17.326537132263184
6,0.006014684719671744,0.0036313651163422727,16.111729621887207
7,0.006077078973238644,0.003805690862575327,16.269125938415527
8,0.005910573916062988,0.0035348134719802604,16.711357593536377
9,0.004426563379075291,0.00422871068137785,17.42227816581726
10,0.003983851061638739,0.004164073911254688,16.892128944396973