ParamValue,Train MSE,Test MSE, Exec Time
2,0.0033367990095621806,0.005203018428263512,9.352450370788574
3,0.003942023217283746,0.010373487366632567,14.151033878326416
4,0.004263326269892461,0.01114788895597675,15.672715187072754
5,0.004461531734696634,0.009994333753792422,15.097370147705078
6,0.00445755257778411,0.010313835152227441,15.723432779312134
7,0.004344862651946517,0.011079140499022486,14.789915800094604
8,0.0045132530048505376,0.01183345507132626,15.211962461471558
9,0.004261904300163682,0.011171916195665576,16.07932472229004
10,0.004552159257365871,0.010258418126730494,14.19663691520691