ParamValue,Train MSE,Test MSE, Exec Time
2,0.0032557592005358154,0.013369124982019575,10.99076223373413
3,0.0043055094902190935,0.018621078375586853,11.351480722427368
4,0.003863383656477518,0.011063424768535533,12.189650535583496
5,0.003993230984317568,0.011836141648631051,12.671321392059326
6,0.0027030938159560633,0.007148366508105977,12.836638450622559
7,0.003868052311818731,0.0110491280442462,12.130772829055786
8,0.003864808792058678,0.011068165589547112,12.43190860748291
9,0.004321084870765576,0.018587674530526888,12.692029476165771
10,0.0043210848707655744,0.01858767453933174,11.685879468917847