ParamValue,Train MSE,Test MSE, Exec Time
2,0.005658610189657715,0.02065222550569498,8.683620691299438
3,0.005629075162876485,0.02003747511895905,13.050824403762817
4,0.0026513042130549766,0.007688056807807679,15.632397413253784
5,0.00448682743833196,0.011408214931390494,14.502148389816284
6,0.00449314906175003,0.011389748884187064,14.455501317977905
7,0.004676275868724127,0.01070966269313517,14.328356266021729
8,0.005153775115445866,0.016348769178180525,14.359151363372803
9,0.0054896031975905195,0.015537086436948922,14.460713148117065
10,0.0028502664624030704,0.005284961812969889,14.773765325546265