ParamValue,Train MSE,Test MSE, Exec Time
2,0.004676748831783536,0.009161338256745873,7.831963062286377
3,0.004726834206321671,0.00908856031189807,11.083686113357544
4,0.004624191996894498,0.009176228088935213,13.453635454177856
5,0.0045952411470734245,0.009072606355974833,14.271278381347656
6,0.0025898345077115365,0.005983637234032918,14.286274433135986
7,0.002897635602453815,0.01431923176034141,14.478280782699585
8,0.004948031403132657,0.009701782545066363,14.011030912399292
9,0.0028564575299202515,0.014205308479544085,15.810939311981201
10,0.0032227191902385486,0.020914033876961138,14.04696273803711