ParamValue,Train MSE,Test MSE, Exec Time
2,0.0034887453229135415,0.007239226986279622,7.970442533493042
3,0.0022609792930936307,0.006634764573598432,12.101806402206421
4,0.0047359664757265964,0.008738188359714027,15.14896273612976
5,0.0028896746282018482,0.005932037740377066,16.177496433258057
6,0.0030489928547814756,0.006096645429572364,15.650078296661377
7,0.003990386037490973,0.008955664613456163,12.952807664871216
8,0.004628508128659216,0.010289715841953524,16.09684658050537
9,0.0026781404621550892,0.007846750316643553,17.617627143859863
10,0.00543022589240605,0.008925895391991222,11.726200342178345