dataset,1,2,3
Train set,0.0048282695202226614,0.004361089197179476,0.004260676342146606
Test  set,0.008743811599317444,0.007627399545986059,0.0072778605684112214
5.891749382019043,7.100610256195068,8.197941064834595