dataset,1,2,3
Train set,0.005091576361103162,0.0046404375395609114,0.004911189057042682
Test  set,0.005445452302717033,0.005520850799858662,0.005755921030411958
5.150165557861328,7.723194599151611,7.585309028625488