dataset,1,2,3
Train set,0.005169388005417715,0.004677316210384059,0.004927997391023253
Test  set,0.005959590070375462,0.006231142990340406,0.006259981968157915
5.720181703567505,5.465876340866089,5.6573450565338135