dataset,1,2,3
Train set,0.005225554251425143,0.004607630226133183,0.0045183779178803955
Test  set,0.0074598187120882556,0.006957934762150185,0.007674735116581238
5.9831931591033936,7.501363515853882,8.881585597991943