ParamValue,Train MSE,Test MSE, Exec Time
2,0.0037803998084886123,0.006817635276195531,13.0420560836792
3,0.0032622769048815236,0.011501664245059558,17.919166803359985
4,0.0024527296490310423,0.00921702847216782,30.40532112121582
5,0.0023470831517549352,0.005857968171461745,40.21144771575928
6,0.0022121063055575117,0.008402491538767796,43.73246455192566