ParamValue,Train MSE,Test MSE, Exec Time
2,0.003959783118826644,0.005447758665386329,10.484684705734253
3,0.003908089665080513,0.005738101583190686,15.222662448883057
4,0.003250699441281817,0.006676540053694637,27.48071050643921
5,0.0027182484524268806,0.00589824196072683,38.57812476158142
6,0.0027751266639384365,0.007316550466034363,35.42972779273987