ParamValue,Train MSE,Test MSE, Exec Time
2,0.004092446090256883,0.007466935221683929,11.315382242202759
3,0.00347786492851966,0.009348300148133138,17.198640823364258
4,0.0026936538862930275,0.008111029350077625,26.15435242652893
5,0.002518831153425406,0.007548468024374643,35.45648121833801
6,0.0023298084089926454,0.007160151333739615,37.359973192214966