ParamValue,Train MSE,Test MSE, Exec Time
2,0.004267839920645111,0.009099919377140397,11.451369285583496
3,0.0035623150355458136,0.010182172516341336,16.54647922515869
4,0.002750352505872895,0.006691441567479278,27.158814907073975
5,0.002453673838656572,0.02428078155817316,35.705183267593384
6,0.00224150471037287,0.007856435667413033,37.501704454422