ParamValue,Train MSE,Test MSE, Exec Time
2,0.004512715249528484,0.004306801845661181,12.11973786354065
3,0.003896682577149661,0.007003599689054489,14.840898990631104
4,0.0031619619143165834,0.005297776391048693,25.46593976020813
5,0.0023164438824369547,0.006017715532062527,38.7518093585968
6,0.002022526475594085,0.006241446473012199,39.326786041259766