dataset,1,2,3
Train set,0.005809417794486324,0.005593097228773797,0.005665007239498734
Test  set,0.006773266329540528,0.006277373322844481,0.006523527580971434
18.84993052482605,23.629005908966064,78.460280418396