dataset,1,2,3
Train set,0.005766171924584274,0.0055963115760707316,0.005858392629438285
Test  set,0.006468895834003734,0.00631296056330862,0.006433219431419962
17.213264226913452,24.770348072052002,77.75375008583069