dataset,1,2,3
Train set,0.00598553065528993,0.00571891553074308,0.005802688865761269
Test  set,0.007219333177823021,0.032123003782643385,2.0129055236675906
13.467557907104492,22.14949083328247,78.04727864265442