ParamValue,Train MSE,Test MSE, Exec Time
10,0.03174281698188335,0.0333760771295854,3.066803216934204
15,0.01720963559354457,0.017559597083530595,3.007697105407715
20,0.14860262246500075,0.14679610850757532,3.518160581588745
25,0.5114943810369625,0.5300327135860117,4.311101913452148
30,17.17838155293445,17.91339523127733,4.8770482540130615
35,0.08687818132399552,0.23672897359981734,5.382581472396851
40,238.6081573841753,228.19790099595374,5.7821595668792725
45,0.8220265937615417,1.077311905600107,6.6952292919158936
50,0.35009811020895115,0.37414050407443217,7.135511875152588