ParamValue,Train MSE,Test MSE, Exec Time
10,0.012886823913493632,0.01360172060860398,2.886195182800293
15,0.053380784697918474,0.04843623764998908,3.1079699993133545
20,0.022462747918741165,0.014008437907430801,3.7142257690429688
25,2.6255516454070658,1.5173537350410653,4.1435112953186035
30,0.014600471099264252,0.015757734357788957,4.442277193069458
35,0.28172197961410755,0.2545264954290638,5.195831775665283
40,0.03765035662112936,0.039808932906326956,6.100095987319946
45,0.04444550487244534,0.05438885005865174,6.982080936431885
50,0.030329677153155755,0.0487184914803698,7.179070472717285