ParamValue,Train MSE,Test MSE, Exec Time
2,0.005437559811641459,0.006043180264697828,27.759249687194824
3,0.0053134912838109765,0.005970580925229971,39.526039361953735
4,0.0051506082325796804,0.005962773110426424,55.89586424827576
5,0.004900828689961081,0.006486689051618144,87.28162097930908
6,0.004696288512466207,0.006295375523561618,121.61419916152954