ParamValue,Train MSE,Test MSE, Exec Time
2,0.005517730927384755,0.0053669435401157905,31.094488620758057
3,0.005437594938656913,0.005475398873314346,40.523560762405396
4,0.005272705787459334,0.00548959958908079,54.40230846405029
5,0.005005682821934332,0.005969323645641025,83.28703546524048
6,0.0048014278266836526,0.006367879648016778,120.57104325294495