ParamValue,Train MSE,Test MSE, Exec Time
2,0.0054765388191809,0.005878926072663662,31.437682151794434
3,0.005319754028645816,0.005756451732949162,41.185834884643555
4,0.005178535739182339,0.00601060789862714,59.52540588378906
5,0.005002953132638585,0.006342170353781105,83.49231696128845
6,0.004540314966144799,0.007380927934437138,125.79542303085327