ParamValue,Train MSE,Test MSE, Exec Time
2,0.005351541080835584,0.006545382229832616,33.59844636917114
3,0.005220107260867263,0.006332263265284216,41.53449845314026
4,0.005067954571597231,0.006732324749703302,54.018230676651
5,0.0048549012121397546,0.007237076727116173,83.03889727592468
6,0.00444028638717301,0.007239618374112257,131.99290943145752