ParamValue,Train MSE,Test MSE, Exec Time
2,0.00542255264103137,0.00593323992036399,30.26254892349243
3,0.005355924192445997,0.005838455877851696,38.057281494140625
4,0.005187034839204041,0.005847891005500509,54.630054235458374
5,0.004967946674062093,0.005908158893687914,77.86092448234558
6,0.004497799587884323,0.006595812217291838,122.67844986915588