dataset,1,2,3
Train set,0.014093847907467658,0.007601960648978495,0.00833602308654217
Test  set,0.020191106418041962,0.017193303462329206,0.013854945226986685
12.816301822662354,15.10241174697876,15.216888427734375