ParamValue,Train MSE,Test MSE, Exec Time
10,0.04815004230963942,0.05287427802880644,18.39346981048584
15,0.02771430046814217,0.037332666228440656,7.373958587646484
20,0.020806336913819792,0.016825923370347003,9.722886562347412
25,0.024430555882628085,0.046729042496477344,9.964369773864746
30,0.01612148496971319,0.019532760666730948,7.929680824279785
35,0.019864461560705517,0.029699720762371668,10.307719469070435
40,0.019695103890568055,0.04238216564619254,9.305625438690186
45,0.011113313879666646,0.013744282822903475,10.392300128936768
50,0.013873946328645193,0.03498347111659805,10.607739925384521