ParamValue,Train MSE,Test MSE, Exec Time
2,0.006073750501286821,0.003372531208249061,7.471984624862671
3,0.005997921242914879,0.0032544366810709703,9.181907176971436
4,0.005698487935054804,0.0031091763007216147,14.910389423370361
5,0.0038391100023675248,0.004055982457014505,14.732167959213257
6,0.005931257370910822,0.003276183118987968,14.452381372451782
7,0.00510811452964665,0.0035789748821526504,15.069658517837524
8,0.004863473655256287,0.0030503577916713427,14.912606954574585
9,0.005891187323407296,0.003302125807192767,14.252792596817017
10,0.005700928022682134,0.0031452043251576677,14.830767393112183