ParamValue,Train MSE,Test MSE, Exec Time
2,0.0024787552559247293,0.005866518463754052,10.085428714752197
3,0.003658019733733968,0.008192179437194722,11.616357803344727
4,0.0045285567676831414,0.00957905164431531,15.06166386604309
5,0.0033687519221308948,0.007014715829762102,17.10120701789856
6,0.002848706920703049,0.0066767481852465236,17.801388025283813
7,0.004609883109492837,0.008232968847372275,16.63222908973694
8,0.004523903895301017,0.009589155327720197,16.903395891189575
9,0.004843548207800862,0.009869501605651455,17.42376208305359
10,0.00287198243645131,0.006654680463281194,17.351491928100586