ParamValue,Train MSE,Test MSE, Exec Time
2,0.005278638590859396,0.005783467160283553,8.498262882232666
3,0.004589861052231704,0.006055567413767235,12.749612092971802
4,0.005155767194487396,0.006833361721224647,14.772960424423218
5,0.005167646148128845,0.006562381162685392,15.072290897369385
6,0.004113107642925212,0.0038224166601345893,15.162729024887085
7,0.004378743339501764,0.0061928173514585495,15.03325343132019
8,0.004395064527507551,0.006166997187025334,15.017518281936646
9,0.004577187514117884,0.006106812009984837,15.662696838378906
10,0.005193927467490514,0.006516559874223612,13.818076372146606