ParamValue,Train MSE,Test MSE, Exec Time
2,0.0026874112320204257,0.0043029202667626346,10.207034826278687
3,0.00441254981881789,0.013431133682883532,11.541651010513306
4,0.0027616992978353764,0.006913752868820351,16.06763982772827
5,0.004416092560669691,0.014272913953017934,14.28435730934143
6,0.0043042581835809,0.013566228816634678,14.727835416793823
7,0.0028533327428747466,0.00718969958314391,15.96744990348816
8,0.004285174725331052,0.012947960029216615,14.606715679168701
9,0.004287800616922159,0.013713579502329246,14.343285083770752
10,0.004172040209674824,0.013400564651276523,15.015766143798828