dataset,1,2,3
Train set,0.006855285495878317,0.003487819900640015,0.003009921134874145
Test  set,0.006894751713688727,0.00347163897966451,0.003002640169386742
80.14932894706726,97.26452946662903,436.0631995201111