ParamValue,Train MSE,Test MSE, Exec Time
10,0.174540390184785,0.17255328336183706,7.20307731628418
15,0.046123754484866886,0.04643893723125764,5.505520820617676
20,0.0122121687611313,0.011791598227319901,3.8437302112579346
25,0.01981644885791512,0.019302619787407858,4.212082862854004
30,0.012844805392477836,0.012407563722967665,3.789843797683716
35,0.015231441215382505,0.014929059929500813,4.43151330947876
40,0.014771133256271975,0.014065659153178206,3.907121419906616
45,0.005223888394013435,0.005011780718359236,5.720056056976318
50,0.007956928266932109,0.008006910714374078,5.549191236495972