ParamValue,Train MSE,Test MSE, Exec Time
2,0.0030141941882592003,0.003131851484856204,534.4576246738434
3,0.001777410114809001,0.001830531952150635,762.2227997779846
4,0.0016868580829868447,0.0017920193195498685,930.6777009963989
5,0.0011409018912478697,0.0011927567213440397,1092.421870470047
6,0.0011665586551797573,0.0012322065399166496,1242.8625466823578
7,0.001149233481580162,0.0012603161373661966,1409.819843530655
8,0.0011940280439548022,0.0014216269624222264,1725.9641733169556
9,0.0009970653720847327,0.0014482995124323545,2200.663428068161
10,0.0009818262122601438,0.0016801701943594206,2812.3498232364655