ParamValue,Train MSE,Test MSE, Exec Time
2,0.0034010197890774183,0.0032197824220207985,1060.4179995059967
3,0.002484161511404783,0.0024106657031537117,1483.7557237148285
4,0.0018059443326838677,0.0017365707843076752,1636.31107878685
5,0.0015337838176203865,0.0014988348228269163,1729.5704140663147
6,0.0011924945237634904,0.001195575142330807,1844.0340375900269
7,0.0011563160857316892,0.0012149256650308563,2020.099904537201
8,0.0010765287969234643,0.001220398878304886,2339.832754135132
9,0.0011057876755804,0.0014684665760487051,2640.589983701706
10,0.0009618755896128161,0.0016373829032496892,3337.583816051483