dataset,1,2,3
Train set,0.013662615928918749,0.00792646522215065,0.010719791849739735
Test  set,0.0239217104733054,0.017976411567568785,0.019837903343727814
12.66063141822815,15.801944494247437,14.603784799575806