dataset,1,2,3
Train set,0.02011159342668933,0.010260314664123667,0.008253618396102672
Test  set,0.024982941824272104,0.014910463111735505,0.01543801489055591
8.73321533203125,12.80151629447937,15.30147671699524