ParamValue,Train MSE,Test MSE, Exec Time
10,4.6093809209256875,3.946859717797409,19.49445414543152
15,0.02131145331900897,0.035261649922071106,7.090856552124023
20,0.05363463548950689,0.04352284747919019,9.608423709869385
25,0.017504165385760474,0.03328566804273971,9.87778615951538
30,0.043555799583166264,0.07889704875842256,10.469003915786743
35,0.04147517007007961,0.04399439622012791,11.997441530227661
40,0.01141385559550671,0.028529592243635035,11.662729263305664
45,0.015242939244956467,0.04136691729426608,13.664823532104492
50,0.010185765753767917,0.02329542646139023,13.090420007705688