ParamValue,Train MSE,Test MSE, Exec Time
10,4.575562639474291,1.9977714282317445,35.527928590774536
15,0.0981905559052443,0.12481835571285209,8.047096490859985
20,0.02210095405130148,0.022419509671811767,9.567015647888184
25,0.055529275378175855,0.016589162551855,9.770715713500977
30,0.051761492406509554,0.05281350512532646,8.136817216873169
35,0.021519978550558167,0.01764491809956133,9.577226400375366
40,0.021252063384756496,0.02333795959167959,9.74813175201416
45,0.016832359296007147,0.011719572658791654,10.67940878868103
50,0.011438528742073064,0.008313940569426345,17.264240503311157