ParamValue,Train MSE,Test MSE, Exec Time
2,0.0025937766309344665,0.006629769699139325,26.781320571899414
3,0.002360133513636697,0.008881026781284898,32.25976920127869
4,0.0021335734779169167,0.007896744010346254,41.19217395782471
5,0.0023826788485665756,0.009415994033266007,41.61776900291443
6,0.005702527824423377,0.004173992934179199,37.951788902282715