ParamValue,Train MSE,Test MSE, Exec Time
2,0.005608744387021427,0.004479563510295531,23.739887952804565
3,0.004772301591743697,0.019225854138573053,28.16927409172058
4,0.005644973571111726,0.0046307380172714045,33.310187101364136
5,0.005647717283451815,0.004542297420569132,32.59915089607239
6,0.005617385363625671,0.004523229336666988,33.98009467124939