ParamValue,Train MSE,Test MSE, Exec Time
2,0.006301671676306647,0.0018289435760999464,20.717196464538574
3,0.006192827821181102,0.001788195145155722,29.85455560684204
4,0.006248085660827973,0.0017714577489014948,39.218361139297485
5,0.006250330554563239,0.0017715113215311029,38.79578518867493
6,0.006247832845995637,0.0017742084980821922,38.07598400115967