dataset,1,2,3
Train set,0.005947411560801305,0.005595500292707793,0.005841209880302693
Test  set,0.0064999608936559886,0.006143968177391329,0.006682533972393367
14.821886539459229,22.19199800491333,56.10376238822937