dataset,1,2,3
Train set,0.006069908104575696,0.005839932064881652,0.005807539157645857
Test  set,0.005872544169457983,0.005548571080899507,0.005649759022070128
13.001379013061523,18.53154230117798,91.52786588668823