dataset,1,2,3
Train set,0.005712565495853954,0.0055350169104142,0.005479921488899672
Test  set,0.006889317129976457,0.006691009078109218,0.006808704771974067
17.32981514930725,23.44908046722412,83.20570516586304