ParamValue,Train MSE,Test MSE, Exec Time
10,0.023963005512036836,0.022905398903542134,2.8217384815216064
15,0.011631211916138072,0.010896154382424339,2.995290756225586
20,1.3642394483459368,1.2899297442413622,4.006621837615967
25,0.03180271330842219,0.027711837951175194,4.026683330535889
30,1.1366503049207044,0.9482091871980057,4.1858086585998535
35,0.18072974181921247,0.10795401899822722,5.088264226913452
40,0.08448156611031236,0.029964606602458248,5.243638277053833
45,0.06879860217099336,0.05922348439955608,6.034516096115112
50,0.1134496725239455,0.06224546569743876,6.585572719573975