ParamValue,Train MSE,Test MSE, Exec Time
2,0.005444585605105071,0.006027033819389444,32.493553161621094
3,0.005327244169347615,0.005953119548349723,39.58370327949524
4,0.005190294576511317,0.0061204798800219805,54.57037854194641
5,0.004908009273457634,0.007486561188609715,84.04189205169678
6,0.004652377840166,0.006605096112517808,122.51120615005493
7,0.004267427934035028,0.007740380883993965,176.19618821144104
8,0.003953235802598848,0.008480743720376889,249.72479701042175
9,0.003419089064491236,0.009780734784438298,302.5749521255493
10,0.003269666428319456,0.008887359407918922,353.5336711406708