ParamValue,Train MSE,Test MSE, Exec Time
2,0.005649995485537535,0.005506405630494434,34.0084342956543
3,0.0054700067546396,0.005524969785489389,43.990559816360474
4,0.005239829481360286,0.0061130897206521,65.34549832344055
5,0.005027334543299944,0.017059059612586,95.53861379623413
6,0.004588005302712284,0.006701685058166188,148.17626452445984
7,0.0041470311235620155,0.04682210375535199,213.2107195854187
8,0.0038251650524634526,0.009193399336630166,276.02265453338623
9,0.003508517882336466,0.026964836614949347,345.6815800666809
10,0.003301685289584546,0.027514350779765686,401.3819844722748