ParamValue,Train MSE,Test MSE, Exec Time
2,0.005385474386920552,0.006112893362824822,30.56059455871582
3,0.005294220494772717,0.006131636910598161,38.99411225318909
4,0.005084109999435087,0.00645907363775742,58.370038747787476
5,0.004788133701242938,0.0064712964292535,89.89489030838013
6,0.004500024685686907,0.007370166729238372,128.77108716964722
7,0.004032302098853846,0.008989520620934572,187.95563292503357
8,0.0036471637805673167,0.011313678677613053,253.8262233734131
9,0.0031168036573855557,0.011630408806956457,335.2659742832184
10,0.002923243482493354,0.010031350724269375,391.55557322502136