ParamValue,Train MSE,Test MSE
1,0.0022132917898144235,0.0022541547470752155
2,0.0016881118341145285,0.0016894970524443925
3,0.001446627626381591,0.0014423892164249965
4,0.0013481548115485307,0.0013448388450735187
5,0.001366042889032507,0.0013606405592744672
6,0.0012841029963482607,0.0012808114570125343
7,0.001238617778960553,0.0012378609407382418
8,0.0011967585211531745,0.0011955745688868107
9,0.0012278308820502933,0.0012313453398457332