ParamValue,Train MSE,Test MSE
1,0.0017179654987749743,0.0017209801629337056
2,0.0013492281430795082,0.001358005508145877
3,0.001261401566928401,0.0012693641642338898
4,0.0011957189875524737,0.0012085657621566106
5,0.0012456432009571093,0.001256183155205888
6,0.0012098287599509269,0.0012222950013203128
7,0.0011728327185757362,0.00118703565986256
8,0.0011704349804786518,0.0011864702759730307
9,0.0011792604883669605,0.001193134056303667