ParamValue,Train MSE,Test MSE
1,0.002002479891150109,0.0020795263125129885
2,0.001436710025547284,0.001563758660927293
3,0.0013879598285107004,0.0014820858973753133
4,0.0012257557528514871,0.0013011464490422426
5,0.0011986222890637663,0.0012778206280535484
6,0.00118160468324395,0.0012512042928583347
7,0.0011295114369535108,0.001192958711367296
8,0.0011324450327390339,0.0011928141025071646
9,0.0011261684563217756,0.0011809877285032552