ParamValue,Train MSE,Test MSE
1,0.0011877959054901147,0.001224910395240191
2,0.0011451416965299983,0.0011967740041949953
3,0.0010600331766228135,0.0010998990361159248
4,0.0010290628666209634,0.001064209558179753
5,0.0010719279140459672,0.0011093022200799304
6,0.0011217601764099915,0.0011671286904540372
7,0.0010916666090990896,0.0011321839197354934
8,0.0011096374594583814,0.0011514362840980396
9,0.001086751257429371,0.0011266679046017301