ParamValue,Train MSE,Test MSE
1,0.001138528193747588,0.0011283125806704154
2,0.0011597796481789418,0.0011458652938182829
3,0.0011272194429969421,0.0011184703316541953
4,0.0011571212069532671,0.0011453892757242875
5,0.0011651024255923672,0.001149429655550983
6,0.0011761080439039427,0.001163002803137266
7,0.0011930930039501378,0.0011846244442570528
8,0.0011634814506052047,0.001155706951169354
9,0.0011826071265897975,0.001175323720582269