ParamValue,Train MSE,Test MSE
1,0.0014232088865665641,0.001488793497922165
2,0.0012275819970084894,0.001287280813566837
3,0.001172890725133287,0.0012248335992151999
4,0.0011743855454026263,0.001223682342583084
5,0.0011571924088695713,0.001290962381274492
6,0.0011360303652295364,0.001240202765677829
7,0.0011300747714907276,0.0012152902950902482
8,0.0011318616871318493,0.00120584519521517
9,0.0011600085944757468,0.00122473040930235