ParamValue,Train MSE,Test MSE
1,0.0011912031923432297,0.001238597888869003
2,0.0011321468124452325,0.0011797657549517545
3,0.0011171033417868798,0.0011507400745365357
4,0.0011125603317049565,0.0011401610598578778
5,0.0011105757195376902,0.0011323380473898359
6,0.0011129927462545143,0.0011310171942776448
7,0.0011550266202090189,0.0011710908716402186
8,0.0011489046819902786,0.0011665555777413217
9,0.001179637997554899,0.001200345305218149