ParamValue,Train MSE,Test MSE
1,0.0020403873588270755,0.002170341231679927
2,0.0014536641688560478,0.0015410015852050842
3,0.0011904469603752606,0.0012598268901598258
4,0.0013095337600675444,0.0013964181825409363
5,0.0012283872796186276,0.0013079726347430738
6,0.0011987849581191704,0.0012747817655983638
7,0.0011558292159405737,0.0012257443912858604
8,0.0011460543974217805,0.0012106600121543037
9,0.0011298277437833547,0.0011923156539289186