ParamValue,Train MSE,Test MSE
1,0.0016278644788934504,0.0015832930653212765
2,0.0015275344294243226,0.001509451647991812
3,0.001398700704875553,0.00138059619968699
4,0.0012873613566076758,0.0012823859189248455
5,0.0013241948925473085,0.0013127576547344933
6,0.001282255739948904,0.001277615359101148
7,0.0012914414216640335,0.001284884548901506
8,0.0012647419548900748,0.0012616648839105346
9,0.0012470328357073962,0.001246475441982839