ParamValue,Train MSE,Test MSE
1,0.0015722783665068367,0.0015875954101249995
2,0.0013640252195114225,0.0013743007259420703
3,0.001445515497603524,0.0014581179880069491
4,0.0013339070715864187,0.0013473959784647605
5,0.0012662650431863015,0.0012738574992434118
6,0.0012962334830508287,0.001305790458628805
7,0.001299243915362658,0.0013027740323978368
8,0.001249569304375968,0.001254696692697185
9,0.0012442944797577103,0.001246914901416881