ParamValue,Train MSE,Test MSE
1,0.002507479968231484,0.0025555036179212925
2,0.001532139452540024,0.001551420573422558
3,0.0014817768657704243,0.0014924046173426912
4,0.0013969835457294279,0.0014055265752400208
5,0.0013450047307128744,0.001340631966021303
6,0.0013731542195381586,0.00137181165805203
7,0.0013890205815887107,0.00139999412802278
8,0.001335633700601811,0.0013450358975088618
9,0.0012769743676079653,0.0012816381881870255