ParamValue,Train MSE,Test MSE
1,0.0012870738427800134,0.0013353710759188922
2,0.0011697100431463726,0.0012128201496123907
3,0.0011625818428259477,0.0012059108368541144
4,0.0011554967037066782,0.0011930140669590861
5,0.0011735956592191287,0.0012154645100602931
6,0.00116226307235006,0.00119958663836606
7,0.0011650125012472698,0.0011980108745884197
8,0.0011571036494895323,0.001190937468132085
9,0.0011903630836395415,0.0012241159267267962