dataset,1,2,3
Train set,0.006808357085510043,0.001010437573008047,0.003129463445234397
Test  set,0.007084298985436278,0.0010210494574605805,0.0031507056482151367
77.87230658531189,127.98775482177734,676.3754591941833