dataset,1,2,3
Train set,0.006838667399293451,0.003923053085302453,0.0029223055312388546
Test  set,0.006964139052888955,0.004025481028474514,0.0030629594214550827
79.84533429145813,182.48937106132507,789.7430715560913