ParamValue,Train MSE,Test MSE, Exec Time
10,0.043130909267326954,0.04195592605429617,7.298214673995972
15,0.027179390302148942,0.02651428823404331,2.8771753311157227
20,0.02213212504228888,0.021691974442484368,2.801920175552368
25,0.04157155363696935,0.04104259242820736,4.7070558071136475
30,0.011840903416803855,0.011651758100487441,4.8907036781311035
35,0.008057232589345754,0.008219647712575232,4.580105304718018
40,0.004626810966757608,0.00460421040176831,4.641266345977783
45,0.005260107519250128,0.005427181578854802,5.813296318054199
50,0.00728733511091894,0.007224843294868543,4.33082914352417