ParamValue,Train MSE,Test MSE, Exec Time
2,0.0039823991136430014,0.004060404973449666,642.6341626644135
3,0.001544620795942762,0.0015222813791268585,904.1845419406891
4,0.001512713223637927,0.0014956501674265594,1041.5861670970917
5,0.0011749164790158034,0.00118545770734418,1173.5936913490295
6,0.0012445377831576227,0.0012457637628937228,1329.1758725643158