ParamValue,Train MSE,Test MSE, Exec Time
2,0.0028961415321505685,0.002923591881132825,608.7514479160309
3,0.002305283420094372,0.0023726569403612827,880.6544947624207
4,0.001294558867721239,0.0013230810707365367,1023.5836503505707
5,0.001226116845974919,0.0012406248093180478,1175.0621659755707
6,0.0010789150811110028,0.0011160416120053,1320.8672156333923