ParamValue,Train MSE,Test MSE, Exec Time
2,0.0030325747688525655,0.0026523385537759593,27.15284276008606
3,0.004816109628172436,0.018326270368677282,35.048463344573975
4,0.004789793626507905,0.018353510555993168,42.998984813690186
5,0.0047826847335334915,0.01836583439268657,42.85794544219971
6,0.004841361416603582,0.018516365759839035,40.81784725189209