ParamValue,Train MSE,Test MSE, Exec Time
2,0.0035177924647850816,0.004411244566128399,25.467097997665405
3,0.004952725771324946,0.008495540755937921,36.54558491706848
4,0.005458891410529799,0.0062101619958957535,39.149433851242065
5,0.005025925112263754,0.005495646620615453,41.15017104148865
6,0.005009066978695534,0.006146462491884104,40.68124508857727