ParamValue,Train MSE,Test MSE, Exec Time
2,0.002934969911453885,0.002699659750089071,28.88772749900818
3,0.0055073475196453685,0.004867512496685209,28.80631113052368
4,0.0026696668514905545,0.0031004166823657164,42.59277558326721
5,0.005477916543117683,0.004931189164152737,37.25828218460083
6,0.002614114076055799,0.0029933975639875846,39.828256368637085