dataset,1,2,3
Train set,0.018688568720608048,0.008135140194421003,0.00841315710365443
Test  set,0.0387156421599203,0.010405709421910977,0.018984079609171194
7.526736259460449,14.81829047203064,17.66297674179077