ParamValue,Train MSE,Test MSE, Exec Time
10,0.5490470562112582,0.300814787534756,17.30813956260681
15,0.032246451321436435,0.01976110235002823,8.844526529312134
20,0.13786685475138924,0.11239633369954992,9.477068424224854
25,0.030786515674580985,0.022225368787427927,8.273127794265747
30,0.015652077208152926,0.011078630763694253,9.703936338424683
35,0.019493307689497134,0.012106292967682668,9.74160099029541
40,0.03285072672563437,0.02228174209280431,9.998233079910278
45,0.01241790919874402,0.011270340175534247,9.910712480545044
50,0.02082220679234577,0.019518130026946266,9.874028205871582