ParamValue,Train MSE,Test MSE, Exec Time
10,69.97516785780451,45.004539401801445,20.52817392349243
15,0.23905406671835255,0.18821047673251112,8.757329940795898
20,0.1643790721863545,0.08672992467366923,8.67785358428955
25,0.027569487150689822,0.05855415829529704,10.027711391448975
30,0.01281228659539372,0.04258553360274651,8.793667554855347
35,0.013799976390413003,0.026655698728298344,8.941387414932251
40,0.0066969231485662336,0.04088027728355619,11.311251163482666
45,0.007516688752943567,0.06961864441262391,12.317261457443237
50,0.01236609691413126,0.0642177625171708,13.507423162460327