ParamValue,Train MSE,Test MSE, Exec Time
10,38.8591328777267,27.263915041073115,21.462651014328003
15,0.028246560313078903,0.028678971899463102,7.7862629890441895
20,0.020918518834850665,0.015236814223179051,10.62147068977356
25,0.04641000301082904,0.09158702465160422,9.3572998046875
30,0.12304580232100788,0.06400428403310023,9.759062767028809
35,0.027657984752555275,0.02500505632703887,10.538890838623047
40,0.05266370583785581,0.026497698372986607,12.073002815246582
45,0.01815133896170497,0.015794319188530796,10.64172887802124
50,0.015445997790707504,0.03041563620238869,14.787272214889526