ParamValue,Train MSE,Test MSE, Exec Time
2,0.00590315327907759,0.0034760173590369344,20.055755376815796
3,0.005868321316915885,0.0036188388389860075,24.618845462799072
4,0.005812684139008705,0.003718508479114527,39.30465841293335
5,0.0058116595486167434,0.003688007974457293,38.00132513046265
6,0.003265422008335363,0.004451909477233781,40.3211612701416