ParamValue,Train MSE,Test MSE, Exec Time
2,0.002792620250141205,0.031280892001884025,21.60314702987671
3,0.0026295291271675246,0.031216975408951055,30.050009727478027
4,0.0014185206057104396,0.026763375874790624,35.365068674087524
5,0.0026775778632910537,0.03127508281715893,32.326799154281616
6,0.002649405647524506,0.03129031517065494,33.00236535072327