ParamValue,Train MSE,Test MSE, Exec Time
2,0.005028080889953841,0.016906585417971708,22.443674564361572
3,0.004053649603590091,0.018763678655765368,36.263460874557495
4,0.004555563268633752,0.023185210686762058,45.36501932144165
5,0.004545426476516746,0.022825163911571227,43.8612277507782
6,0.0045445193253237474,0.022974851834811568,44.13308930397034