ParamValue,Train MSE,Test MSE, Exec Time
2,0.004998903521562568,0.01641700458043227,21.09953999519348
3,0.0025619005659504573,0.008537041771830537,30.07658052444458
4,0.0049223407359025445,0.01623276575203556,36.951220989227295
5,0.004922340735902545,0.01623276574876223,37.121371269226074
6,0.004903924270266146,0.016625325219855873,36.29491567611694