ParamValue,Train MSE,Test MSE, Exec Time
2,0.0026508338074242503,0.004240372510506219,26.668026447296143
3,0.004380520581513381,0.00829238957884175,34.51619791984558
4,0.006066702870736542,0.010063203245580458,36.141120195388794
5,0.00439650980767353,0.008342385336300237,38.471333742141724
6,0.006043110291819501,0.010071898559368467,38.22314739227295