ParamValue,Train MSE,Test MSE, Exec Time
2,0.0054603446651550775,0.013383313496651023,20.18030834197998
3,0.00490152190742716,0.021178889670539186,33.65911102294922
4,0.003543735561092255,0.019855628233026047,46.53833532333374
5,0.004926144108118797,0.021274278119498242,42.81286883354187
6,0.00499837220735271,0.02128827387881678,40.05241370201111