ParamValue,Train MSE,Test MSE, Exec Time
2,0.002767045499165805,0.009323916843413767,24.42772102355957
3,0.003957106873089151,0.021490729663721578,33.01212191581726
4,0.003990069975269335,0.021731012964324847,39.56587600708008
5,0.003956959587569879,0.021893591881273766,42.4153037071228
6,0.003990069975269335,0.021731012964387494,40.02442288398743