ParamValue,Train MSE,Test MSE
1,0.001099941903325862,0.0011967311807965883
2,0.0010228595073239143,0.0010942658883301014
3,0.0010043718526600712,0.0010705071777120947
4,0.0009951112671973473,0.0010681399893618497
5,0.0009908960944655957,0.0010588020245586064
6,0.0009774464942665184,0.0010437041125864537
7,0.0009718023804757908,0.0010346381323911363
8,0.0009716674661007857,0.0010317928511630729
9,0.0009698040462988839,0.0010267186436586986