ParamValue,Train MSE,Test MSE
1,0.0011596559892500709,0.0012260834199935712
2,0.0010439491895020902,0.0010597906098177578
3,0.0010114353642580829,0.0010143097466991696
4,0.0009932788417112961,0.0010106345644595456
5,0.000982030149554581,0.001001757818000649
6,0.0009809881279624808,0.0009909104664408129
7,0.0009773867942612594,0.00098722615300085
8,0.00097844271436903,0.0009882246404588828
9,0.0009739057698017951,0.0009788735752739536