ParamValue,Train MSE,Test MSE
1,0.00111002905861984,0.0012806018314544608
2,0.0010065478933675093,0.001163954842454653
3,0.0009748259979193287,0.0011372098660604008
4,0.0009624423949105466,0.001116228365001382
5,0.000949209416972507,0.0010934962070097204
6,0.0009485502775335766,0.0010888389298646813
7,0.0009456630017517748,0.0010916352771670518
8,0.0009437598201631718,0.0010852954189190572
9,0.0009382302536930311,0.0010852578224306918