ParamValue,Train MSE,Test MSE
1,0.0010781586390384984,0.001236615923090676
2,0.0010134051038316395,0.0011593597472930222
3,0.0009795138133588469,0.001126268911438887
4,0.0009578013460415659,0.001102652478476967
5,0.0009598162251702487,0.0010973844817010025
6,0.0009549084595856373,0.0010890955814407324
7,0.0009517949975763907,0.0010894679050042666
8,0.000945881236074822,0.0010913572821660282
9,0.0009400770612063677,0.001094418212020568