ParamValue,Train MSE,Test MSE
1,0.0011274634501496662,0.001242558200195371
2,0.001059066317626254,0.0011171641939455934
3,0.001008956475838779,0.0010396670362898405
4,0.0009948076099656395,0.0010251467763757096
5,0.0009828127010566893,0.0010129212931156667
6,0.0009744080490870213,0.0010091489176249058
7,0.0009725316725082211,0.0010030767930015957
8,0.0009749922941706933,0.0010039209469996193
9,0.0009694124282791099,0.0009998903520649293