ParamValue,Train MSE,Test MSE
1,0.001114051955360628,0.0011995637278541863
2,0.0010079008699825736,0.001119656617154749
3,0.0009902484108254982,0.0011094624122511014
4,0.000977888369578348,0.0010839517763663682
5,0.000975042030903926,0.0010765656848663878
6,0.0009699101720401861,0.0010727320219484802
7,0.0009615553233064045,0.0010661760979462905
8,0.0009597616189542241,0.0010672642509720592
9,0.0009570399863398785,0.0010680490646692283