ParamValue,Train MSE,Test MSE
1,0.0011233278227928143,0.0012202998539656675
2,0.001031895520659909,0.0010905118020816428
3,0.0010111263696608748,0.0010653238979301957
4,0.0009951605146409196,0.0010535841805831155
5,0.000983603590519319,0.0010449660901622841
6,0.0009736017281083275,0.0010458284656512126
7,0.0009688129099686784,0.001044044529610566
8,0.0009596269743624714,0.001039574876906071
9,0.000958035357490417,0.0010380602046817747