ParamValue,Train MSE,Test MSE
1,0.0011202253900699502,0.0012727375919869806
2,0.0010328588488305558,0.0011884058280474648
3,0.0009915057629322273,0.0011475016510099527
4,0.000985496790306801,0.001157850700763879
5,0.0009728348962756324,0.0011512238440314724
6,0.0009681677718281363,0.0011436544434155955
7,0.0009685735582689132,0.0011437232313740737
8,0.0009637088332183721,0.001140780948516381
9,0.0009604566808353815,0.0011341836162610435