ParamValue,Train MSE,Test MSE
1,0.00115305876182864,0.0012409652713898489
2,0.0010373054440426244,0.0011029023733765998
3,0.0010014642958054458,0.0010468839968026066
4,0.0009987116077968374,0.001034556148450839
5,0.0009850986150228105,0.0010264448814491084
6,0.0009805414634855185,0.00102416319245987
7,0.0009743612368035008,0.0010232738026415909
8,0.0009652302254467462,0.0010086977885151974
9,0.0009699750072081152,0.0010125933925356466