dataset,1,2,3
Train set,0.0014370851453956212,0.0012437613692594597,0.00139982066033818
Test  set,0.0015306430819124848,0.0013343248146439493,0.0014882812898763204
91.90258002281189,143.6603982448578,744.5618026256561