ParamValue,Train MSE,Test MSE, Exec Time
10,0.062443752164468444,0.061895810293923714,15.44056248664856
15,0.004017789892984245,0.003977459570554054,6.7656354904174805
20,0.0067489491318722524,0.00704801078301856,6.909687757492065
25,0.006381423466750221,0.0066154104590270294,6.844502210617065
30,0.002733094769301113,0.003003720023628564,8.133885383605957
35,0.0037767476070590866,0.004085385405763467,6.0784218311309814
40,0.0026504034168644735,0.0027699516632164545,9.37348484992981
45,0.00249029347264019,0.00266929979678267,8.150490522384644
50,0.0025985115754735876,0.0027618208214326492,8.07072377204895