ParamValue,Train MSE,Test MSE, Exec Time
10,0.06097580208481845,0.06385673447885602,15.890073299407959
15,0.012516278307310185,0.013093937223331837,5.235664367675781
20,0.004073346701810348,0.0040416813140240985,6.046525239944458
25,0.005402210616062054,0.005148698672900401,7.67825984954834
30,0.006539208960732968,0.006681450062534054,6.543616056442261
35,0.007042095280224815,0.0072886799565177835,7.944396734237671
40,0.003173794191924148,0.0032209937570049406,7.624384641647339
45,0.002091319214608639,0.0021025673567070502,9.200416564941406
50,0.0019488070071457507,0.0018841025052351694,8.15146279335022