ParamValue,Train MSE,Test MSE, Exec Time
10,0.029459096006202657,0.029110093781650637,15.42545223236084
15,0.016434464850469937,0.015822158537191856,5.966197967529297
20,0.00887709276542412,0.008843176789929012,6.782190322875977
25,0.0036577715701566482,0.0037583074748465443,6.586503028869629
30,0.003288717276316649,0.00330405122607349,8.16320514678955
35,0.0020558057789083054,0.0021328961685400834,8.00435733795166
40,0.003757404729440691,0.0038680137257486756,7.573944330215454
45,0.0023202645412445846,0.0022661700105516746,8.277446746826172
50,0.012289067566612678,0.014423196762526264,10.418279647827148