ParamValue,Train MSE,Test MSE, Exec Time
10,0.008902880915972572,0.009747815263190431,17.70619010925293
15,0.006083573607156455,0.0064155150399327334,6.809476137161255
20,0.005670930342614506,0.006129402623272317,8.991868257522583
25,0.008456934031296916,0.008569177502680856,7.969407320022583
30,0.01621374525891272,0.017432570956349373,8.15351676940918
35,0.002525067429689869,0.00274045261950038,7.251986026763916
40,0.004749747579705752,0.005085473602878925,10.172728061676025
45,0.0035552713169853156,0.003883412247098012,10.010861873626709
50,0.0020973265225317688,0.002295289561828859,9.144959211349487