ParamValue,Train MSE,Test MSE, Exec Time
2,0.0012182859852196354,0.0011962779595469763,954.6390867233276
3,0.0011685644013735956,0.0011130718150567875,829.0272374153137
4,0.0011091046055700653,0.0010944253604931874,759.2636029720306
5,0.0010393894899738256,0.001070953076014348,796.4004337787628
6,0.000953940807208275,0.0010545316556467615,1011.5663108825684