ParamValue,Train MSE,Test MSE, Exec Time
2,0.001358381397370541,0.0013857728761962331,725.0871291160583
3,0.0011370940579485667,0.0011453945432313714,1141.4087102413177
4,0.001096865273606287,0.0011184640409208845,942.2806308269501
5,0.0010380290713108734,0.0010843657143957538,927.7276639938354
6,0.0009998251550529368,0.001095413049849918,1041.2306327819824