ParamValue,Train MSE,Test MSE, Exec Time
2,0.0012908651245623454,0.001307083492713847,593.0085320472717
3,0.0011497510884191998,0.0012211514128651626,770.0891902446747
4,0.001095449234008277,0.0011507849382790944,944.9061822891235
5,0.0009950611766410503,0.0011297329194554337,1009.7573418617249
6,0.0009706606120563197,0.0011814663029538594,1120.3263003826141