ParamValue,Train MSE,Test MSE, Exec Time
2,0.001256107278719267,0.001412363293463314,919.1989924907684
3,0.0011034072602403968,0.0013160705602371983,793.1738133430481
4,0.0010680948768616318,0.0013006874105848589,825.1645739078522
5,0.0009731629535633195,0.0012488450714023885,1002.8944783210754
6,0.0009314383826402758,0.0012844151874671008,1149.0511598587036