ParamValue,Train MSE,Test MSE
1,0.01709612843920552,0.01710040573613554
2,0.015467974055807012,0.015232924771065227
3,0.015069068228488443,0.014849893667986083
4,0.014947631801943426,0.014691954265207014
5,0.014826370918504724,0.014498344728649127
6,0.015470102336579375,0.01454130063672765
7,0.01517496691227179,0.014421646881138839
8,0.015339969087367757,0.014621948620085081
9,0.015078579321912504,0.014441620814884783