ParamValue,Train MSE,Test MSE
1,0.016446678935235246,0.01831730532062499
2,0.015453187055218932,0.016089328410000946
3,0.015884664156859952,0.015599622580947454
4,0.015251682566302516,0.015283660735032043
5,0.015049448614730737,0.015158966892039305
6,0.015018395918822328,0.01493131218630982
7,0.014825285195301886,0.014723939359203958
8,0.014774356518492569,0.014702274956226998
9,0.014670359947944052,0.014654591744506918