ParamValue,Train MSE,Test MSE
1,0.01793699931561683,0.017171584425351185
2,0.015947115062469652,0.016475359007040197
3,0.015412970086750926,0.015715431079458754
4,0.015236918493864363,0.015189209407263623
5,0.015205941430469739,0.01539786260513031
6,0.01530324395348333,0.015939914488706495
7,0.015042943121894215,0.015825917872230044
8,0.015052606980175251,0.015594724518008076
9,0.014845416622296876,0.015343836873319612