ParamValue,Train MSE,Test MSE
1,0.016759829685113928,0.016266393062702052
2,0.015936754553439098,0.015104680433304835
3,0.01708684095335521,0.014151366988133452
4,0.01616064560122414,0.013975326568590463
5,0.015363175212680685,0.01389132928532749
6,0.01484514196198282,0.013752197735639356
7,0.01469953502673471,0.01381474931334068
8,0.014598128339357572,0.013800226003104855
9,0.014484324580459569,0.013763197543166121