ParamValue,Train MSE,Test MSE
1,0.01610374629376925,0.01692449454373787
2,0.01581867636609213,0.01588987112764728
3,0.015220002556870248,0.015549798799154151
4,0.014648704341924336,0.015321635515633245
5,0.014466208379014425,0.015244023012428182
6,0.014502371836133884,0.015254420661059864
7,0.014716217186431742,0.015139791878852607
8,0.014373222084145924,0.014920134997538408
9,0.014200730116316607,0.014810413585671624