ParamValue,Train MSE,Test MSE
1,0.016339046291404296,0.03659797913332476
2,0.01735862381863284,0.01974643810081427
3,0.016537742585367377,0.017819460536843752
4,0.015095737457758511,0.016088545868715425
5,0.014656659226386379,0.015525608946636595
6,0.014472010306347427,0.015444753767038752
7,0.014887190948804427,0.01519336910768289
8,0.015025783874447475,0.015243375446953936
9,0.014738294744289603,0.015112807480119336