ParamValue,Train MSE,Test MSE
1,0.016068504308949905,0.016822095521971673
2,0.014893671948433511,0.015624582431695238
3,0.014436634956174121,0.015081599685975052
4,0.014116651336587217,0.01539488489032397
5,0.014167237693548738,0.014849302159328186
6,0.014158635691077648,0.014618445533867286
7,0.014138775530267624,0.014656646677066834
8,0.014123668497962453,0.014722592299454018
9,0.014094988818412991,0.014785261184479604