ParamValue,Train MSE,Test MSE
1,0.017072176735266644,0.019165496151246325
2,0.016791588741934756,0.016119015802673553
3,0.01817306594280421,0.014557331630853298
4,0.019099596579649453,0.014410172034941842
5,0.01699310982679027,0.014370972354556547
6,0.01622369337436268,0.014138694953782711
7,0.01680544876126405,0.014136471151219812
8,0.01647360558848971,0.014053582226130054
9,0.016188981728027303,0.014020970810264885