dataset,1,2,3
Train set,0.01994550903163348,0.018821688472254794,0.02088427254458375
Test  set,0.01900456210917027,0.018624083448108574,0.02046523100670905
44.68766403198242,77.6824460029602,274.221084356308