dataset,1,2,3
Train set,0.020368932479602916,0.019770658568364116,0.019475330654272205
Test  set,0.020085363361560388,0.019037366984951995,0.020287025053316712
60.015056848526,71.25543689727783,359.69915294647217