dataset,1,2,3
Train set,0.019384607211326736,0.020470124562669494,0.018945610348340115
Test  set,0.02013367645742659,0.020711098697181577,0.019368812489897382
57.90860342979431,61.997984170913696,400.309100151062