ParamValue,Train MSE,Test MSE, Exec Time
10,0.5441761483298837,0.5607659898866225,3.450557231903076
15,0.13007256366870057,0.12790951585607543,3.6965792179107666
20,17.511064716757048,36.99717426681275,4.703348875045776
25,0.5207062506290228,0.5168298553662175,5.166691064834595
30,0.21314503839254895,0.15002817851161881,5.838955879211426
35,0.3314460414591346,0.25026311479563246,5.913031578063965
40,1.415997236508145,1.5788986974826005,5.98683500289917
45,4.850751296467947,14.052399956941183,8.408303499221802
50,8.070962397592455,3.072974047993704,8.38482141494751