ParamValue,Train MSE,Test MSE, Exec Time
10,0.13658045887695028,0.12045259852015533,3.1753034591674805
15,0.04916765785576131,0.0476499508574789,3.6427805423736572
20,4.695430998354608,4.277381046678791,4.520508527755737
25,4.202615064440208,4.392008429747174,4.192659854888916
30,3.0339744192552747,4.326217533440891,5.2632691860198975
35,455.185570965167,360.9670966647354,5.960010051727295
40,70.82352532196103,24.79113084879272,7.041004657745361
45,4.097850357631765,14.294796716495798,6.941766738891602
50,4.044296296940591,5.667278436552363,7.7647411823272705