ParamValue,Train MSE,Test MSE, Exec Time
2,0.017853910637913004,0.018381725122771225,188.72441124916077
3,0.01682812453021606,0.01771729296434333,257.9640533924103
4,0.015464701945276882,0.025422349817580986,329.1404173374176
5,0.01421207101018522,0.02065040348314184,412.0914752483368
6,0.01293023078627983,0.05888607255576264,483.3396053314209