ParamValue,Train MSE,Test MSE, Exec Time
2,0.01802250844962593,0.01726858783730421,200.68507552146912
3,0.01659891803021633,0.01615995050517217,261.76117300987244
4,0.015457973867089646,0.015781297643923057,313.5617926120758
5,0.014444417816137372,0.01514107845819307,397.2683033943176
6,0.013262099732874599,0.03250002468093455,472.1776034832001