ParamValue,Train MSE,Test MSE, Exec Time
2,0.017762190020048987,0.026843002669557803,163.8483772277832
3,0.01637135691334763,0.023586320299320437,240.24411702156067
4,0.015340662761119122,0.02916226072897525,300.5092442035675
5,0.014592301178657589,0.0343689184520417,373.35817670822144
6,0.012868572619912394,0.03063326887600549,481.12343072891235