ParamValue,Train MSE,Test MSE, Exec Time
2,0.017618023986920188,0.01814533093097534,175.98589944839478
3,0.0162223537057976,0.017133304994291592,282.4757730960846
4,0.015515001552913816,0.016143719519140197,338.0555555820465
5,0.014732263916423408,0.022910771130267283,379.8468255996704
6,0.013102671770336033,0.025069595770698744,467.3826186656952