dataset,1,2,3
Train set,0.006726103131097698,0.006313014115344356,0.005577562207408768
Test  set,0.009412645330754558,0.009617809049031527,0.009723987346806467
8.801589488983154,9.696012020111084,15.586241483688354