ParamValue,Train MSE,Test MSE, Exec Time
10,76.42406274398303,77.95951904294282,24.026342391967773
15,28.740702375279586,25.727121566206435,21.184903144836426
20,792.317728799845,1052.7686719012954,29.543015480041504
25,0.013632302913623847,0.020597038901501157,3.998823642730713
30,0.012242123643401109,0.01634038619267208,4.251858711242676
35,0.011071291224840026,0.018737669251151855,3.763098955154419
40,0.015125721095154863,0.03335559015412998,4.707950592041016
45,0.011835144598466317,0.016614510136181763,5.015874147415161
50,0.030582394596279018,0.01938387188769859,5.713784217834473