ParamValue,Train MSE,Test MSE, Exec Time
10,2.3566789346507915,2.169980471974736,11.621121883392334
15,4.070131916138495,9.336350236456214,17.53646230697632
20,0.16101750987801458,0.10091047863958462,54.0498583316803
25,0.026103881457117176,0.030526296339066176,4.423720359802246
30,0.024723561537377682,0.030210503952466244,3.9396824836730957
35,0.016104928877688485,0.023783429809162673,4.468594551086426
40,0.011127844572978001,0.021844615038950178,4.19379997253418
45,0.013553607254515428,0.02462453147269383,5.406944751739502
50,0.011871948576636785,0.01531237798533808,5.298180341720581