ParamValue,Train MSE,Test MSE, Exec Time
10,7.235079532005415,2.089241465410816,17.294511079788208
15,1325.2887880806852,624.1327954167168,26.246280431747437
20,112.91288382049477,3.0011269442086737,35.96577477455139
25,0.04039353429839767,0.03381528649711851,4.5719685554504395
30,0.02561579603543013,0.02674896287691285,4.274473667144775
35,0.015676551704505583,0.024543229089996572,4.94160270690918
40,0.014741237542237289,0.0176239864645268,4.081639528274536
45,0.022812812367116575,0.01867685520763023,4.510026216506958
50,0.05935449626257131,0.027864115663269157,4.593868255615234