ParamValue,Train MSE,Test MSE, Exec Time
10,1.4338252480193214,1.4216372911159143,18.753313064575195
15,4.254368192396621,2.2263663306457557,19.070223808288574
20,3.698415491608801,54.50460032182625,28.025805711746216
25,0.017312439717479117,0.019728692807598237,4.345397710800171
30,0.010623964630669523,0.011080516668682379,4.108506441116333
35,0.014352653464725914,0.02342046527928282,4.301880121231079
40,0.0108876021430973,0.012193004478375081,3.9600014686584473
45,0.012226705989867042,0.01312017871604244,4.528477191925049
50,0.04349703316862538,0.03609867972142472,4.869640588760376