ParamValue,Train MSE,Test MSE, Exec Time
2,0.0037936828614667626,0.004465271043534573,27.745292901992798
3,0.0028100417542594822,0.011335702705832085,29.375651836395264
4,0.002366563606572753,0.013842635615109924,33.343677043914795
5,0.0024252865476870134,0.008930351092657475,42.78320932388306
6,0.002161731508432406,0.014598492190769117,41.2824432849884