ParamValue,Train MSE,Test MSE, Exec Time
2,0.0036230038854861103,0.004278437221820909,26.787200927734375
3,0.003076501343458095,0.014089797650960101,27.329313278198242
4,0.0022702435804129264,0.005546910630456574,36.97498106956482
5,0.001978573260344062,0.009573693113198273,43.4931914806366
6,0.002236695505401735,0.006529774298045179,40.17959928512573