ParamValue,Train MSE,Test MSE, Exec Time
2,0.003508316389700837,0.0072522883761581905,22.77618956565857
3,0.0029855253916391804,0.03452246629992155,26.69907832145691
4,0.002816008286600964,0.10486379545011365,33.16330671310425
5,0.0024624751943343325,0.13353424312484827,39.34807467460632
6,0.0023698625101275742,0.10022200301057843,41.32300090789795