ParamValue,Train MSE,Test MSE, Exec Time
2,0.003949422984997785,0.004162419018407615,26.085935354232788
3,0.002820926880559156,0.013182360404269114,37.0687255859375
4,0.0022128262862597275,0.0060067847713320115,36.69809079170227
5,0.002421232166952759,0.006576065548399176,40.79754042625427
6,0.0022771582988552874,0.006659400598208916,41.05097317695618