dataset,1,2,3
Train set,0.00613815698409764,0.0058310273406444926,0.005913413594010889
Test  set,0.005514323594209494,0.005291478327628495,0.005248496078079502
13.98234248161316,24.311100959777832,44.52924585342407