dataset,1,2,3
Train set,0.006236928714897629,0.005941877440594374,0.0059527664008940905
Test  set,0.005563199891041592,0.005238662401163476,0.005144057240033922
13.73244833946228,20.117433547973633,70.2345962524414