dataset,1,2,3
Train set,0.006015845655497738,0.005757820357378198,0.00596883637993504
Test  set,0.005769505794628823,0.005766954839534201,0.006101237959459641
17.052244186401367,20.743488550186157,56.684088945388794