ParamValue,Train MSE,Test MSE, Exec Time
10,0.05286515613982001,0.05373959391884479,3.130190849304199
15,0.03038250324096821,0.02892889476985743,3.0820975303649902
20,0.062395678698446456,0.03978373196810025,3.8521835803985596
25,0.013130550927714923,0.010525052608745873,3.883364677429199
30,24.348415714577786,34.62963871923622,4.788517236709595
35,0.06605946201034321,0.01955908144847028,5.121417760848999
40,0.11198545075338988,0.10377244866207354,6.041949987411499
45,0.47703933684632827,0.35413509281372,7.019379615783691
50,0.1380740654423987,0.0381601004277168,7.522863864898682