ParamValue,Train MSE,Test MSE, Exec Time
2,0.0053838844716971555,0.006163547711731887,28.781644344329834
3,0.005279180703730732,0.006145277586534294,42.55296277999878
4,0.005160568451228609,0.00630091670089491,55.92199230194092
5,0.004905673188920778,0.0067198126917087896,83.37192010879517
6,0.0044718789254018995,0.006938153295117148,125.12538957595825