ParamValue,Train MSE,Test MSE, Exec Time
2,0.005393582223174921,0.006032279072139561,34.27999806404114
3,0.005322462214945205,0.015894797325322393,42.62372612953186
4,0.005222715673397966,0.0309955415358482,57.60679292678833
5,0.00493890204986971,0.006059644111732914,83.79703044891357
6,0.004617813040028007,0.006397164486283412,127.10610604286194