dataset,1,2,3
Train set,0.005657084988552997,0.004786461192152564,0.005143540555525341
Test  set,0.00597005810432048,0.004726422556662286,0.004914499957323851
5.175116777420044,6.03826379776001,8.853455066680908