ParamValue,Train MSE,Test MSE, Exec Time
2,0.0038150801744493397,0.006352719426280627,13.56286358833313
3,0.0035961600501456786,0.008882818815365196,16.377998113632202
4,0.002702387545226066,0.009156574120795725,28.666956186294556
5,0.002115557811160766,0.00907350328702255,35.46532702445984
6,0.0018997645235686146,0.01297981909416338,34.833632707595825
7,0.002229562189406342,0.008908242614371986,35.692272663116455
8,0.002146204451334413,0.010604547130468763,33.967649936676025
9,0.0022341864989417655,0.00908533423109223,34.18965411186218
10,0.0022134740722565805,0.010518180691387064,35.08298969268799