ParamValue,Train MSE,Test MSE, Exec Time
2,0.0042144326620550555,0.006305426785447268,10.786921739578247
3,0.0034618206816353107,0.007880842533654423,16.460554122924805
4,0.0025934225648129305,0.012159580192312258,25.790827751159668
5,0.0021676900994004587,0.010002892455972301,34.774988889694214
6,0.0021473008122419417,0.007254257228098691,37.53000283241272
7,0.0022548272879978847,0.006806695696525135,35.53087258338928
8,0.0019599186478413957,0.0204622231256443,38.576921224594116
9,0.0020096327482697633,0.008851967081312442,39.1263382434845
10,0.0019179909247273627,0.007492651092510385,38.15973496437073