dataset,1,2,3
Train set,0.01909452462123475,0.01867395006162739,0.020221773940036908
Test  set,0.01955989998326793,0.024292327371688287,0.02175148575735413
63.88756561279297,92.67974257469177,411.1835298538208