dataset,1,2,3
Train set,0.019338884228736863,0.02028453154718338,0.01920429429488223
Test  set,0.018968105790321207,0.01961121886557717,0.019107007546780876
75.52370262145996,90.0896258354187,306.6287097930908