dataset,1,2,3
Train set,0.020277981608651716,0.019623589784364237,0.019488503157989702
Test  set,0.020230512479499328,0.019513806184860965,0.019344834857563
44.01763606071472,64.11896085739136,362.7162117958069