ParamValue,Train MSE,Test MSE, Exec Time
10,0.1437119868567818,0.14281818799232832,4.6534247398376465
15,0.5025526920774586,0.5197452779873439,4.281173944473267
20,11.343667357979852,19.45474873473859,4.159089088439941
25,1.8468977028362692,2.0240964428273895,5.604485034942627
30,5.233923832423078,7.629843456928347,5.681476354598999
35,45.097004798126115,93.98277583440026,6.005417823791504
40,178.22516527253887,48.808545833054765,7.5195395946502686
45,7.2675261059621175,9.538401364110698,7.689290285110474
50,2.5731652804131717,5.347876414612212,8.594515562057495