ParamValue,Train MSE,Test MSE, Exec Time
2,0.017511889320319142,0.018799933099071922,194.11029386520386
3,0.01614426001037829,0.01783187032274249,267.50058460235596
4,0.015301648190350585,0.01770854332823144,328.16008973121643
5,0.014680956685748524,0.018589723372759378,377.4654641151428
6,0.012829862676548431,1.3556981659438927,495.2250142097473