ParamValue,Train MSE,Test MSE, Exec Time
2,0.01804563011002765,0.018354192079624763,183.27941417694092
3,0.016415240138076496,0.01722988546674365,258.83579182624817
4,0.015471589938747015,0.01622701592066173,304.301958322525
5,0.014674198352897731,0.015935967462988566,386.6132745742798
6,0.012889826950658259,0.015054141299934482,476.37791204452515