ParamValue,Train MSE,Test MSE, Exec Time
2,0.01768129415214423,0.0183722628432316,203.44446849822998
3,0.016708639885789713,0.017857634798454886,258.46545028686523
4,0.01512858581580565,0.016303143874671674,318.9735813140869
5,0.014434612817040986,0.5977843039443682,388.67033338546753
6,0.01328269526022325,0.016114168337372527,478.70952248573303