ParamValue,Train MSE,Test MSE, Exec Time
2,0.017225186095839635,0.019087182365435447,178.77040100097656
3,0.016454366541339867,0.017548085620737366,254.7316393852234
4,0.015227807125361766,0.04579850792228058,322.29137539863586
5,0.01436826661575194,0.019026910824550953,385.97024393081665
6,0.01322178032913615,0.06092982786988454,457.33645248413086