ParamValue,Train MSE,Test MSE, Exec Time
2,0.01728419656082422,0.020041196631038902,169.36994671821594
3,0.01675272288488238,0.01866674794016691,231.2805585861206
4,0.015298791835488885,0.07368606004060244,289.3257644176483
5,0.014257047192431316,0.016289206412653825,366.1068465709686
6,0.013002523332877979,0.17082839878596015,459.54984617233276