ParamValue,Train MSE,Test MSE, Exec Time
2,0.01835454421228751,0.018236527131758207,164.86699056625366
3,0.0164644452752846,0.033267443386716264,280.342737197876
4,0.01564104760851405,0.01619617102775953,318.2718641757965
5,0.014666700898791057,0.016989285064115647,384.3610372543335
6,0.013499088677096458,0.11570975560915893,483.2508990764618