ParamValue,Train MSE,Test MSE, Exec Time
2,0.017422804555935242,0.01824482903141078,183.32780718803406
3,0.0166777482197297,0.018102092681935238,272.5670952796936
4,0.015466328065641256,0.01713869442249748,315.88337779045105
5,0.014461256407618443,0.016439458141185387,368.4378526210785
6,0.012935547857510781,0.1800278901425601,474.95405316352844