ParamValue,Train MSE,Test MSE, Exec Time
10,0.12116359549890979,0.11705518325491769,7.298486709594727
15,0.47795144457528294,0.4744949570302936,11.833681344985962
20,0.0009361894555577885,0.0009440766890364854,4.1663923263549805
25,0.0011686965795906043,0.0011080973913462043,4.409522771835327
30,0.001428390205262767,0.0015808164393201,3.9561715126037598
35,0.0009438752991227265,0.0009064713125922116,4.7805938720703125
40,0.0016884995053982293,0.0015470341862915276,4.6745500564575195
45,0.0009267263678971032,0.000923896590111211,4.805874586105347
50,0.02153884006383257,0.021401142007981364,5.086647033691406