ParamValue,Train MSE,Test MSE, Exec Time
2,0.00014859783206919226,0.00014103695742640168,516.7042586803436
3,2.2047939216476464e-05,2.1451046041738058e-05,806.5392682552338
4,2.04586193918934e-06,2.174773233931152e-06,963.0090849399567
5,3.2034701443685534e-07,3.414353575801322e-07,1076.2701137065887
6,1.873965180202915e-07,1.9950678512392767e-07,1182.6878600120544