ParamValue,Train MSE,Test MSE, Exec Time
2,4.9248783256754614e-05,4.941233356186952e-05,559.7781159877777
3,5.791165191530531e-06,5.773268630213043e-06,821.2510116100311
4,2.2980374310377262e-06,2.124766200355073e-06,975.0199708938599
5,7.055365424821185e-07,6.827852407325629e-07,1092.9291350841522
6,5.201498324212394e-07,4.717549461996647e-07,1190.2681891918182