ParamValue,Train MSE,Test MSE, Exec Time
2,9.161586727393349e-05,9.331394858840075e-05,670.7725458145142
3,1.9951716536649282e-05,3.5410615057392774e-05,856.001439332962
4,1.6391931007338607e-06,1.6055520562833868e-05,950.4272820949554
5,6.297554323884102e-07,1.4878591649308495e-05,1072.4324469566345
6,3.468772153308772e-07,1.4520327713976549e-05,1143.8194332122803