ParamValue,Train MSE,Test MSE, Exec Time
2,7.41270212938623e-05,7.169230507489219e-05,482.2672791481018
3,5.204712623583497e-06,5.156354390491354e-06,628.4415972232819
4,2.0259525731647754e-06,1.8581576208185672e-06,767.9732737541199
5,3.4372617975481444e-07,3.04257891040397e-07,865.2461116313934
6,2.4835262875617884e-07,2.3339789049871228e-07,985.7367854118347