ParamValue,Train MSE,Test MSE, Exec Time
2,0.00023599974153684915,0.0002366577934186984,645.5671274662018
3,5.929403296671659e-06,2.112866531929762e-05,814.6235582828522
4,2.4417063495882118e-06,1.8266670177482277e-05,964.3043377399445
5,4.669722171221617e-07,1.59514105688074e-05,1077.9930565357208
6,2.661922407168643e-07,1.5730749322553408e-05,1172.2996542453766