ParamValue,Train MSE,Test MSE, Exec Time
2,0.00018015081298648392,0.00019205733612538524,612.9717569351196
3,6.5202631440866856e-06,7.030441995289002e-06,857.1530883312225
4,2.704286333309619e-06,2.8317865187330945e-06,961.3687629699707
5,4.968614544925948e-07,5.188942756146296e-07,1067.301863193512
6,2.623664238177746e-07,2.5733044177912685e-07,1156.0344274044037