dataset,1,2,3
Train set,0.0014143131714873967,0.0013042730402718495,0.0015455945165302218
Test  set,0.0014613278038542305,0.0013264946183229743,0.0016152149373800874
109.78658843040466,104.28057026863098,926.5195696353912