dataset,1,2,3
Train set,0.0013881259805029569,0.0013626146628505685,0.0014034074926824488
Test  set,0.0015953096950618016,0.0015814010160483964,0.0015905902534829898
102.53089261054993,125.07420587539673,259.4259283542633