ParamValue,Train MSE,Test MSE, Exec Time
10,0.014971421957128103,0.014714769607002732,16.759847164154053
15,0.06409335140918632,0.06275760365878551,27.950709581375122
20,0.026432845141502535,0.023753536603949087,7.4620091915130615
25,0.006323294668940123,0.006085837656952017,5.798745632171631
30,0.002853636574643493,0.0027918326559730495,8.750547170639038
35,0.002455115543326156,0.0024492917734981615,7.832993984222412
40,0.003443220113510214,0.0033781468684981174,7.356191396713257
45,0.0025457488377322213,0.002283956151738384,9.380566835403442
50,0.003360874109941115,0.0031974145162174256,9.260262966156006