ParamValue,Train MSE,Test MSE, Exec Time
2,0.0012822964808562557,0.001214337530168531,854.8640463352203
3,0.0011707057782188713,0.0010655925530474173,995.4788103103638
4,0.0010983244777046576,0.0010852120161905599,1021.4013621807098
5,0.0010238470316977074,0.0010286680922951528,937.4543011188507
6,0.0009518295644042605,0.0010634582782829245,1068.7443041801453