ParamValue,Train MSE,Test MSE, Exec Time
2,0.001261779916681852,0.001296023674674763,708.8977417945862
3,0.0011804977678931971,0.001212570619290227,971.4092688560486
4,0.001065708905006957,0.0011483805069708503,999.7467613220215
5,0.0010089395596901344,0.001081832133028767,966.8953356742859
6,0.0009758312728085777,0.0011167985389673367,1076.5865824222565