ParamValue,Train MSE,Test MSE, Exec Time
2,0.0012490454148784225,0.001212545111881745,827.4210090637207
3,0.0011840462694373234,0.0011598439334555043,783.7212071418762
4,0.0010884487263292054,0.0010698014120385697,838.3135631084442
5,0.0010108192845068066,0.0010611325210082524,964.1774053573608
6,0.0009574135589973975,0.001093960849088191,1204.6334643363953