dataset,1,2,3
Train set,0.058780553925174346,0.056988080947186215,0.057985761686583266
Test  set,0.060137354197375474,0.05823146653611348,0.05923795898391091
148.7538845539093,201.99188923835754,1055.44935464859