dataset,1,2,3
Train set,0.05885882049407927,0.057546393662149475,0.057865108405857534
Test  set,0.058003136814932015,0.056647861181279104,0.057197638569298416
172.9770770072937,187.45491528511047,2029.6242020130157