dataset,1,2,3
Train set,0.05883495118099406,0.057499279934609585,0.057830527141965495
Test  set,0.060164325875828734,0.058783068396866284,0.05911723084988904
176.5613489151001,191.68961381912231,1560.0367019176483