ParamValue,Train MSE,Test MSE, Exec Time
10,98.15631092491691,153.6577497528115,9.37201452255249
15,0.1670688592176843,0.16265640132872236,3.503026008605957
20,0.14408895031546912,0.13713365346301865,3.2462785243988037
25,0.48093850834600543,0.6186976501530757,2.719480037689209
30,0.09873299386420463,0.1004524021299603,3.185474395751953
35,0.0837142534968447,0.08254401896624891,3.5850586891174316
40,6.8251127103085985,10.837597905232862,4.211220741271973
45,1.1936855444276866,1.8688425532984456,4.02685284614563
50,0.19366430641414353,0.20504422666995906,4.12893271446228