ParamValue,Train MSE,Test MSE, Exec Time
10,1578.19551937014,1697.1418090252853,9.713895320892334
15,176.31977988383943,104.18110069388521,3.7579987049102783
20,0.2550733515115983,0.2753348217914104,2.8764939308166504
25,0.10012016363343117,0.09655923394850055,2.8246796131134033
30,0.32651423717110667,0.3278655787189631,3.5713131427764893
35,0.0816379751370936,0.08305490061599421,3.2610435485839844
40,0.10367312692460165,0.10958038497369312,3.1707115173339844
45,193.7427120915895,159.34958743066116,4.3704400062561035
50,0.08184703181274286,0.08269432303707272,2.9650652408599854