ParamValue,Train MSE,Test MSE, Exec Time
2,0.05616845741401782,0.05734599051050169,760.9980285167694
3,0.05202255363469119,0.05570023940824791,1146.7834150791168
4,0.050909770524357155,0.073650272128827,1262.7132515907288
5,0.04788649061813167,0.09977211370257115,1435.8425147533417
6,0.04510259100912451,0.304915498681185,1586.1932830810547