ParamValue,Train MSE,Test MSE, Exec Time
2,0.056268232583921385,0.05779293794794638,665.7855758666992
3,0.053798323833552514,0.061801883332930976,1034.3762497901917
4,0.05020281398109939,0.052953029252438936,1232.5360224246979
5,0.047453220202934986,0.05015527997705973,1369.1531410217285
6,0.04509827466281076,12.14921965640336,1498.6305525302887