ParamValue,Train MSE,Test MSE, Exec Time
2,0.05701237090471716,0.05714268176655176,697.5116837024689
3,0.0536487603845612,0.10466484542540941,1130.127188205719
4,0.05108029953100908,0.052342869908305036,1285.7491941452026
5,0.0481404353821311,0.08151804090972661,1445.0408997535706
6,0.045286406438268444,0.04763866784217205,1565.6366460323334