ParamValue,Train MSE,Test MSE, Exec Time
2,0.05630029422579302,0.0554368393742001,720.310359954834
3,0.05375051173761405,0.053164718140883076,1097.5528120994568
4,0.05099473453780259,0.0512380403710011,1288.2030048370361
5,0.04818942182685863,0.049765138202207085,1404.8541190624237
6,0.045182921940170685,0.04705628620845816,1560.5706713199615