ParamValue,Train MSE,Test MSE, Exec Time
2,0.05643605889218701,0.056035588524059876,617.8711373806
3,0.0530523154360053,0.05317564892415074,925.4916498661041
4,0.05077040530056119,0.0510539998829953,1082.760733127594
5,0.04789132473347281,0.04884080026887224,1217.7344281673431
6,0.04607297374646293,0.048690235317350915,1347.442442893982