dataset,1,2,3
Train set,0.006821032471172496,0.0022870382747660688,0.003053955319786856
Test  set,0.007035174949731779,0.0023140378020655205,0.0031404197997866616
62.77901554107666,158.01920080184937,494.11908078193665