ParamValue,Train MSE,Test MSE, Exec Time
10,0.05885152659248742,0.057481321182658585,7.229003667831421
15,0.046331329426795104,0.04814802166262721,3.9205102920532227
20,0.016027523289636886,0.015786718849975512,3.4161744117736816
25,0.007443517976804382,0.007459054634962416,4.06982684135437
30,0.010167989947772545,0.010396504119503927,3.5966684818267822
35,0.008746625051602256,0.008836545258196793,4.217022180557251
40,0.006598948995978129,0.006625937225426409,4.564309358596802
45,0.00629055039386745,0.006460876398486545,5.05283522605896
50,0.0077097177374028485,0.00773640737305145,4.799949645996094