ParamValue,Train MSE,Test MSE, Exec Time
10,0.07856283409670733,0.07450311817972634,7.44745945930481
15,0.020828044355545753,0.021338243087844905,3.7996866703033447
20,0.013475154194141073,0.013727823768089594,3.7241454124450684
25,0.027451412530698962,0.028108039361019885,4.474686145782471
30,0.014074432944370883,0.013905106492896816,3.5804333686828613
35,0.004239956339261354,0.004284578321008055,5.014761209487915
40,0.00894315387867787,0.009039433875422612,4.635461807250977
45,0.006005055494759936,0.006152506454283137,4.651027202606201
50,0.008521365526170284,0.008594982580424647,4.897263765335083