ParamValue,Train MSE,Test MSE, Exec Time
10,0.03217443610018978,0.03255646648136944,7.422647476196289
15,0.03782310955214861,0.03737761337772859,3.843480110168457
20,0.013616171256225532,0.013527527427059328,4.1494035720825195
25,0.019587628306571108,0.019158705237750203,3.9990785121917725
30,0.00919714267189156,0.009131582679099201,3.4485068321228027
35,0.017932141993906102,0.017691097828960462,5.375656843185425
40,0.011070566136023259,0.010883826499499621,6.895765781402588
45,0.008159973306536807,0.007911258930922946,4.730314493179321
50,0.014440508015419315,0.01426871728937318,4.521200180053711