ParamValue,Train MSE,Test MSE, Exec Time
2,0.002763092866974918,0.0028219652588489493,611.6817498207092
3,0.0017164786168910335,0.001708140854513349,885.8853583335876
4,0.0012503927846584859,0.0012517613993499514,1035.0668535232544
5,0.0011747487975251876,0.001167703417457485,1186.8599655628204
6,0.0014380419259533495,0.0015084130609596892,1323.4591467380524