ParamValue,Train MSE,Test MSE, Exec Time
2,0.0027686656380739817,0.0026922090703256556,686.0347118377686
3,0.0020167282072042292,0.0019696615019467643,874.3430988788605
4,0.0012410116486258668,0.0012041263441238345,1050.4362306594849
5,0.0013599869916527292,0.0013135687105644478,1168.7200450897217
6,0.0013100922580370445,0.0013119474406657738,1325.0093293190002