ParamValue,Train MSE,Test MSE, Exec Time
2,0.003748715966956371,0.0037553470467922693,577.153621673584
3,0.001706622315366063,0.0016654333370614285,879.0538430213928
4,0.002054041547117333,0.0020767645909712295,1021.2561967372894
5,0.0011248846775747728,0.0011321820777626267,1149.8921780586243
6,0.001187677987102441,0.0012111200112245972,1302.168446779251