dataset,1,2,3
Train set,0.05988013358251737,0.0574018053952624,0.05902955724438849
Test  set,0.0590523696428667,0.05648146818415804,0.05867276687155532
154.1970443725586,269.1168305873871,1437.5332491397858