dataset,1,2,3
Train set,0.059254088192138496,0.05770676970891335,0.05821431968793157
Test  set,0.06137731660754932,0.05952115359563889,0.060233298101430216
121.43342900276184,214.10314989089966,1718.9384315013885