dataset,1,2,3
Train set,0.05932495465786916,0.058339893931891845,0.0585601143226813
Test  set,0.06046302393891845,0.05995019998548103,0.059702627235353
157.81448554992676,230.41379618644714,1021.7129945755005