ParamValue,Train MSE,Test MSE, Exec Time
10,255.43782227040012,265.4562998560394,8.853472709655762
15,0.17899321307060936,0.18737269609034016,3.74507999420166
20,0.31140585736221377,0.34753680438314616,4.072509288787842
25,0.42183899190867263,0.4524604774831908,3.4120638370513916
30,0.07646625529142714,0.0765413032283487,2.746403217315674
35,0.10402326683840411,0.10740141626657296,2.924581527709961
40,0.07930708413500882,0.08107052880552996,2.97602915763855
45,0.1052648958805184,0.11412732258674688,3.0209832191467285
50,0.06471841305576359,0.06537318082199958,2.9367494583129883