ParamValue,Train MSE,Test MSE, Exec Time
10,6.918921186765848,17.797492306287104,8.548940658569336
15,0.2079823833966125,0.25205943976729717,3.3032596111297607
20,0.1825941102405005,0.20593707668044028,2.8139591217041016
25,0.16813768322394199,0.2018064903587029,3.765795946121216
30,0.3652587782485142,0.38986926158314794,3.4324700832366943
35,0.6481441372481921,0.8909710951394385,4.27704119682312
40,0.11767981377693996,0.1369164621646631,4.093839168548584
45,0.0959248226707705,0.09388787662888114,2.689763069152832
50,0.07303140679880835,0.07554541278875718,2.958341121673584