ParamValue,Train MSE,Test MSE, Exec Time
2,0.05560524670721371,0.058885413135183355,735.3815655708313
3,0.053373183694827624,0.05447068724184196,1057.7376930713654
4,0.050677995944850236,0.05197709850532533,1268.550550699234
5,0.04864140031492814,0.04986468265948061,1376.7710161209106
6,0.04553372407745851,0.0509381742882331,1510.523933172226