ParamValue,Train MSE,Test MSE, Exec Time
2,0.055975167752406955,0.05617184000952953,720.098140001297
3,0.05339097964518425,0.05411350248489801,1120.6722302436829
4,0.051126771720452456,0.052106440727133836,1229.6283676624298
5,0.04740547966562517,0.05017943868857179,1447.1529202461243
6,0.04473149634149619,0.04761543574169108,1579.7657568454742