ParamValue,Train MSE,Test MSE, Exec Time
2,0.05613872750337256,0.056473410881389255,801.4174690246582
3,0.05298296441865305,0.05492963663706753,1081.1507382392883
4,0.05148126170026552,0.07765774688980394,1233.6163079738617
5,0.04785030398763586,0.049494791823034116,1408.3506727218628
6,0.04454687772404314,103.93197539034713,1568.8580226898193