dataset,1,2,3
Train set,0.006129841927024815,0.0048942323078789655,0.004703048502771932
Test  set,0.01802786609805621,0.018459856044925574,0.025483420181247444
7.869370222091675,9.732719898223877,26.697102069854736