dataset,1,2,3
Train set,0.008573498854974104,0.005480693877592727,0.005613697676718932
Test  set,0.006047294526952148,0.005509642089150755,0.004757026217035053
8.94841980934143,15.117529153823853,19.67825984954834