dataset,1,2,3
Train set,0.009065306075685267,0.005949266032125147,0.006592103481684185
Test  set,0.01306558687623906,0.009265718005035409,0.010641222444754317
9.585907697677612,10.851245164871216,13.760831356048584