dataset,1,2,3
Train set,0.008124223636847786,0.00691456683519803,0.006905587818882844
Test  set,0.012492770520257821,0.007823878094131447,0.008219261635971564
9.787718057632446,8.208762168884277,13.679265260696411