ParamValue,Train MSE,Test MSE, Exec Time
10,13.039351758303473,0.06458880120197293,8.884261846542358
15,0.1146005100949972,0.09298092363912965,19.525867462158203
20,0.8103223847115516,0.7603641756294545,35.85872769355774
25,0.09548168635060153,0.010354158216386494,4.290847539901733
30,0.3706875025523457,0.021305580399317153,4.233392715454102
35,0.015002988663755644,0.015048122401347366,4.632485389709473
40,0.014370949755884155,0.011656773130667871,3.8849432468414307
45,0.021726902885237476,0.023321366391418463,5.2362751960754395
50,0.012881790861555269,0.010385556129107966,4.713010549545288