ParamValue,Train MSE,Test MSE, Exec Time
2,0.004824346879806282,0.011871931703779781,18.862983465194702
3,0.002904248174810005,0.2105988456044399,28.221307277679443
4,0.0026367891974888842,0.008208824180127014,30.429083108901978
5,0.001998340842950835,0.013190458711097062,45.51232957839966
6,0.002432172889261221,0.007089119211762387,42.7313015460968