ParamValue,Train MSE,Test MSE, Exec Time
2,0.003323986057167502,0.0050657409428029225,27.403844833374023
3,0.0027853301964292673,0.028385864680527253,27.659878492355347
4,0.0023065251923834874,0.01030510691263778,35.14057159423828
5,0.0020466026893147305,0.06453150053914272,46.023761510849
6,0.002114366755755161,0.05645854519164434,43.912254333496094