ParamValue,Train MSE,Test MSE, Exec Time
2,0.003727808062216455,0.0035810645919604135,26.57041096687317
3,0.0030810454171781754,0.00490275952013389,29.23105812072754
4,0.002378918771071156,0.00464086240554901,33.64801263809204
5,0.001999170881422132,0.08013774189000185,48.25084137916565
6,0.0021453706308116557,0.005752072048437602,46.11321020126343