ParamValue,Train MSE,Test MSE, Exec Time
2,0.003920300636816094,0.010763838717840403,23.648585319519043
3,0.0031817541380387104,0.017231873273915684,28.2506103515625
4,0.0027399805739195763,0.011253783133990015,32.19164323806763
5,0.0025327752462005393,0.012008329182481717,36.82000470161438
6,0.0024018401482336815,0.7282181150276855,42.446357011795044