dataset,1,2,3
Train set,0.019264663469307084,0.018438995539921562,0.01946589032525479
Test  set,0.021232686272057,0.02045185581537645,0.022786110486707086
66.29924583435059,101.21202826499939,559.6209936141968