ParamValue,Train MSE,Test MSE, Exec Time
10,0.04089059362463782,0.04248586012247932,3.882193088531494
15,61.90873820189387,135.09987999346606,3.5097885131835938
20,0.9444381199674347,1.063550189725894,4.318154335021973
25,0.23326134686587927,0.2502553206419344,4.318786859512329
30,0.9064959645315649,2.005921598076051,5.2282915115356445
35,24.669214317505894,24.160039870367818,6.094436883926392
40,0.9161893169824771,2.740484670038966,6.608514070510864
45,2.032166393562531,4.101051635272449,6.943555593490601
50,11.27362355840418,41.921769444753934,7.636797666549683