ParamValue,Train MSE,Test MSE, Exec Time
10,1.398575310704257,1.4120472178682573,4.036400318145752
15,0.1799554625465792,0.1956653070826038,3.3728973865509033
20,33.80848195307426,350.4884502370794,4.183314323425293
25,11.733819148958649,9.5696029813276,4.707644701004028
30,0.8902837615256964,2.3752918147821687,5.4563515186309814
35,1.5300118162143563,30.313750973690187,5.746077060699463
40,310.44562565976713,2395.0037069228324,6.86270546913147
45,0.6035554565622195,0.84695982202175,6.837976694107056
50,0.8271188792125087,22.43228681637067,8.528966903686523