ParamValue,Train MSE,Test MSE, Exec Time
2,0.017001400757512317,0.018658997541858423,200.55946826934814
3,0.016788220236629153,0.018042572283695706,245.85733437538147
4,0.01545451968812139,0.01655916365190692,316.62357687950134
5,0.01467584713505483,0.020128279029855724,370.5988049507141
6,0.013224805306580413,0.11500018062512664,463.3782904148102
7,0.011550217308028042,0.01733821729595891,589.4698400497437
8,0.009874556345487508,0.023719735107466135,754.5299365520477
9,0.008252929201422357,0.02484838905837533,971.8338963985443
10,0.0069705507631032376,0.029436946316458254,1370.8949933052063