dataset,1,2,3
Train set,0.0087389938903823,0.0061639203664238165,0.006713757326606216
Test  set,0.011059825281759547,0.008119683889438746,0.0075361783791101965
9.025016784667969,15.97262978553772,25.059022665023804