dataset,1,2,3
Train set,0.006419362587782888,0.005495469260023285,0.0057363140635579134
Test  set,0.008207173264399495,0.00940922396511529,0.006871859969758114
10.515686750411987,18.69901132583618,23.236655712127686