ParamValue,Train MSE,Test MSE, Exec Time
10,0.16185203463637365,0.22770803430076836,10.637849569320679
15,16.042780384924658,20.72702293203982,24.782783031463623
20,0.7654639227070565,1.137034925944119,23.19733238220215
25,0.013505677969289656,0.00953847077249909,3.821539878845215
30,0.02140276665423581,0.01725091520958018,4.132077217102051
35,0.016637730973038185,0.011113631028999657,4.5841193199157715
40,0.01595144035710025,0.012917458688536127,5.57366943359375
45,0.0169351523233068,0.010161354432777044,4.299333333969116
50,0.010905403817145507,0.0061429834995661015,4.469336986541748