ParamValue,Train MSE,Test MSE, Exec Time
2,0.0036030862741110916,0.005443880793508529,28.626159191131592
3,0.0026844241878586977,0.005883888099637917,30.829028606414795
4,0.0021697396992302366,0.014725689900243939,39.220746755599976
5,0.0012573602851118546,0.09929593086226292,154.8857569694519
6,0.001140084297864496,0.06966749803684412,245.80298972129822
7,0.000821717320627257,0.18564845669181587,185.7564148902893
8,0.0006680727335195358,33.13221470578973,387.67670249938965
9,0.0007718982299620919,4.991221698370179,301.9664843082428
10,0.0007469866719689026,95.11232287878057,371.91270422935486