ParamValue,Train MSE,Test MSE, Exec Time
2,0.0031714303268981503,0.006216418334036664,24.636447191238403
3,0.0024001867767921023,0.011990819032691152,32.30262899398804
4,0.001784188529200893,0.08521114680184722,113.64543628692627
5,0.0016467031312783042,0.00820102415397112,77.71910047531128
6,0.0010654006417317975,0.05514457046872252,281.05380487442017
7,0.0011143635697312031,0.02159361586890394,317.1836471557617
8,0.0012810636869769333,0.20451297462504126,144.46850275993347
9,0.0011461317612560273,3.7764894529638786,314.94945335388184
10,0.001096156752012169,0.014027297490082899,206.8806688785553