ParamValue,Train MSE,Test MSE, Exec Time
2,0.004456344558202322,0.022169745368355847,26.59054684638977
3,0.002650552529638958,0.014346034134834961,33.598390102386475
4,0.002010712461165639,0.013690846840718711,36.70313215255737
5,0.001488822228495567,0.12046313263561903,100.09654259681702
6,0.0011289623049090093,0.15374261318987717,272.40321135520935
7,0.0011232335983632304,1.2511610601930423,253.6352939605713
8,0.0011721440785663157,0.08822763962263845,190.28822875022888
9,0.0011822245665011894,0.1984915937564261,193.2012758255005
10,0.0012297234802398408,0.3366259013693916,266.76981019973755