ParamValue,Train MSE,Test MSE, Exec Time
2,0.0030411247910356602,0.008053650103008594,28.924370288848877
3,0.0025378429042863847,0.00792911369925586,30.170093774795532
4,0.0019284545624938415,0.010643459557958984,38.541264057159424
5,0.0013662000667006146,0.4140596514801715,68.70841693878174
6,0.0015112331902145588,0.03255160699831093,90.76585507392883
7,0.0013683375425029953,1.0898841798810839,191.45771670341492
8,0.0015456482511167653,0.01057846391903999,55.56516122817993
9,0.0011539332177293807,0.5994235799866694,179.83632159233093
10,0.0011908586757332406,4.674028634572225,359.7135663032532