ParamValue,Train MSE,Test MSE, Exec Time
2,0.0034602565876281997,0.00449531992886006,23.020705223083496
3,0.002913475215413297,0.005189782998817169,30.044251918792725
4,0.0017876938142628864,1.2364516927896199,73.33978724479675
5,0.0012068772767542862,0.29530018866095,151.53085589408875
6,0.0011603382741710245,0.08553963248770774,169.26221418380737
7,0.0010290168567768866,0.10190668494839254,297.65947103500366
8,0.0009010768927856876,0.28131802611674533,414.9308981895447
9,0.0012751493568338064,0.01373248266676353,217.09175205230713
10,0.00145681396100758,0.05942706744842692,329.4521429538727