dataset,1,2,3
Train set,0.0011243780445917967,0.0004933521717516831,0.0006711816021556638
Test  set,0.0007642671748971882,0.01092438199898552,0.01529761961734894
4.074626922607422,6.628915786743164,9.19834589958191