ParamValue,Train MSE,Test MSE, Exec Time
10,0.2647691493831244,0.056903630668296,3.322288990020752
15,0.0522641626589186,0.0030634218598723315,3.419548511505127
20,0.12157648076531291,0.006371448583743057,3.8139731884002686
25,0.08919396749067264,0.003716191798766271,3.407987117767334
30,0.023582818690155022,0.0028952252102200622,3.429755449295044
35,0.036270342592564245,0.007327549806667272,3.5640690326690674
40,0.006767239034765443,0.006429872364546911,3.922405481338501
45,0.004103305821187091,0.0025351855849279543,3.00077748298645
50,0.026538748105283425,0.0018343583431816837,4.172322750091553