ParamValue,Train MSE,Test MSE, Exec Time
10,0.1388884571589922,0.01368768444480179,2.916433572769165
15,0.008478506233543976,0.0017285490624370993,3.127269983291626
20,0.004881306022728383,0.002044264866400738,3.380096435546875
25,0.0778284818112707,0.0027273101067494233,3.3703978061676025
30,0.06700406476322808,0.0018853704479503697,3.964310646057129
35,0.03736720828288937,0.005917099711778647,3.6542694568634033
40,0.0010452608414316402,0.0019690570720366485,3.012040138244629
45,0.0016963139016196184,0.00341411908174497,3.0450785160064697
50,0.0030366101242079845,0.0021431803070318623,3.191479206085205