ParamValue,Train MSE,Test MSE, Exec Time
10,0.011150316229650613,0.011181670915267687,2.5023958683013916
15,0.008992966110676712,0.002198209932627887,4.539319276809692
20,0.012781315362556873,0.16258069801412098,3.7234086990356445
25,0.003901962374761049,0.010643687627104345,3.2796146869659424
30,0.004139614377835235,0.003686713447308083,3.6273112297058105
35,0.013863810726797512,0.15581457207374919,4.462030410766602
40,0.0033512788056333444,0.005560165697418949,3.9689385890960693
45,0.0013327206179422596,0.0011814846956357341,4.643397092819214
50,0.009247836362226508,0.0036620394931242417,4.073165655136108