ParamValue,Train MSE,Test MSE, Exec Time
2,0.0008860816044944172,0.005658005713778477,6.840433120727539
3,0.0006913579007158592,0.00969850259582882,10.315490245819092
4,0.0006451587452219674,0.005703639686693259,15.525479555130005
5,0.0007501934741151339,0.001979970114535405,18.085484743118286
6,0.0007124549679063537,0.004995737464129333,17.722718715667725