ParamValue,Train MSE,Test MSE, Exec Time
2,0.001015572157256306,0.0012389986498874048,7.112222194671631
3,0.0007197237028866812,0.0006688203250089893,10.795987606048584
4,0.000675216130861985,0.0006367142065607043,17.64797616004944
5,0.0009139202872671027,0.0012262528360682749,20.13893723487854
6,0.0005835249346387211,0.0012469191760080098,22.460228443145752