ParamValue,Train MSE,Test MSE, Exec Time
2,0.0006367916767227894,0.0017562827254672755,8.425903558731079
3,0.0005664222765810205,0.0021467156575929007,10.911606550216675
4,0.0005431437210744165,0.002153616613923677,13.23656153678894
5,0.0005020677746833781,0.0023398944572452472,18.919405221939087
6,0.0005256991428208243,0.002214314860919483,18.302696704864502