dataset,1,2,3
Train set,0.005469795726048968,0.004898592798369594,0.004793076275726077
Test  set,0.00505863087312401,0.004747293833916107,0.004900704409860338
5.849652290344238,6.089496374130249,8.750402688980103