ParamValue,Train MSE,Test MSE, Exec Time
10,13.948573959186831,2.770425761099707,7.851840972900391
15,0.013004417070871369,0.010263744215948086,3.393242835998535
20,0.008310255588841242,0.009146872615819963,3.1231942176818848
25,0.008257386914770888,0.009131857817992422,3.3732454776763916
30,0.006348382719397095,0.005700714521716545,3.3173532485961914
35,0.01506708394837695,0.019279833511582047,4.4593505859375
40,0.008310800780468135,0.0062182000547849016,3.960084915161133
45,0.007941014898146912,0.010411949706920994,3.8086533546447754
50,0.005926573229821446,0.0062296755755970315,3.225964069366455