ParamValue,Train MSE,Test MSE, Exec Time
2,0.003724893639535073,0.0070982001129573594,16.038705825805664
3,0.003593990036768073,0.008123410157214832,15.860900163650513
4,0.002881111838137022,0.006687709941537882,24.618427515029907
5,0.0023852852672010543,0.011007715513004451,33.12710762023926
6,0.0022337546157435947,0.011708336306747604,36.93503761291504