ParamValue,Train MSE,Test MSE
1,9.556042127527741,1.9119593159083043e-05
2,2.3890037129467188,1.2259973959539044e-05
3,1.0617804255100123,7.2468609988673535e-06
4,0.5972520320100727,4.690209616279657e-06
5,0.3822417027361916,3.431385820678195e-06
6,0.2654462177413739,3.0874862411449295e-06
7,0.19502274925638477,3.593277981864028e-06
8,0.14931470374156863,3.171598605375706e-06
9,0.1179769570468528,2.9735775036440894e-06