ParamValue,Train MSE,Test MSE
1,4.452566321730133e-06,5.266005304486741e-06
2,2.897817789505923e-06,3.700199277911272e-06
3,3.713841966374489e-06,3.643612566011872e-06
4,3.6345336285300314e-06,3.5154195610949104e-06
5,3.505375555840247e-06,3.5099988524005648e-06
6,4.504459515476205e-06,4.5311133468895265e-06
7,3.8707631064782095e-06,3.7613083057367e-06
8,3.3802866586282034e-06,3.077039081118356e-06
9,3.67774168158534e-06,3.4193674189143844e-06