ParamValue,Train MSE,Test MSE
1,2.78100334497568e-05,2.439706947002853e-05
2,1.1479728691365964e-05,1.061155716574404e-05
3,6.375123772523635e-06,5.827964456439873e-06
4,4.508773638998747e-06,4.048565007264294e-06
5,4.835998396375042e-06,4.45796402956807e-06
6,3.98586669955091e-06,4.709355013569762e-06
7,3.6074710512407453e-06,4.0544696728141105e-06
8,3.3257951500151517e-06,3.573245989466471e-06
9,3.88687358173123e-06,4.7359022278933694e-06