ParamValue,Train MSE,Test MSE
1,5.898919896810124e-06,5.149334167439893e-06
2,5.0502032077681325e-06,5.624146668147847e-06
3,2.7179593520218894e-06,2.922826589986905e-06
4,3.0690213412684726e-06,2.9255933132313524e-06
5,2.9194148043883043e-06,2.6666943962943573e-06
6,2.3634428811393053e-06,2.1858150128157907e-06
7,2.4082713740693263e-06,2.173390849913083e-06
8,2.4698825914266106e-06,2.180775305897885e-06
9,2.4712824137019756e-06,2.1846298006263287e-06