ParamValue,Train MSE,Test MSE
1,1.8686418538911252e-05,5.761954409971975e-06
2,8.053221571027824e-06,4.545066158738728e-06
3,5.940792748508094e-06,4.106039034372628e-06
4,7.990203326224221e-06,6.58951607395846e-06
5,5.369539519450937e-06,4.504307709169368e-06
6,5.015831508561256e-06,4.267088152944787e-06
7,4.231812202685294e-06,3.3001777873990395e-06
8,3.999078291615087e-06,3.228358056492332e-06
9,3.5250592726649937e-06,2.883373411116535e-06