ParamValue,Train MSE,Test MSE
1,3.6146766566672236e-07,7.614074001986731e-07
2,2.821075056737972e-06,2.9758922940494108e-06
3,3.1773561117676545e-06,3.071823777437647e-06
4,4.503264349617857e-06,4.45351250088049e-06
5,5.357950361375538e-06,5.162344784205929e-06
6,6.042954393935485e-06,5.871799434607781e-06
7,4.8757724213735125e-06,4.5059528006527545e-06
8,5.0287639958450974e-06,4.694421823830554e-06
9,5.845349270447748e-06,5.132496838447782e-06