ParamValue,Train MSE,Test MSE
1,1.9797505829933024e-05,3.790884697409437e-05
2,1.7241697119286813e-05,3.555200677555039e-05
3,9.260859684676126e-06,1.7180714700338446e-05
4,6.579603118258495e-06,1.0887445647534267e-05
5,6.385485351095931e-06,7.700035762301175e-06
6,6.132379666087383e-05,2.706560676714516e-05
7,4.585658092038101e-05,2.0581850005209663e-05
8,3.575457611167729e-05,1.6377746966049428e-05
9,2.897538945973992e-05,1.3616854233521712e-05