ParamValue,Train MSE,Test MSE
1,4.20108698200994e-06,5.0488028398219325e-06
2,2.580481404377957e-06,3.0497603027973335e-06
3,6.116980581014076e-06,5.465363321373842e-06
4,3.6594469728577557e-06,3.2288043962440456e-06
5,2.8709665449116847e-06,2.5192733271999418e-06
6,2.744304932343006e-06,2.4674767716978685e-06
7,3.5951053864957976e-06,3.405817369861723e-06
8,3.3123929363831177e-06,3.5774591788103073e-06
9,3.076295057558439e-06,3.4078400506945327e-06