dataset,1,2,3
Train set,0.0008543885459754559,0.00027035472612668487,7.513931609152654e-05
Test  set,0.0008576101615860023,0.00026564334156640036,7.705491241055192e-05
89.60674285888672,196.1598219871521,720.1343743801117