dataset,1,2,3
Train set,0.00043111329827407737,0.0002647772423606027,0.0027261586944067927
Test  set,0.0004257474476168461,0.00025578574907647036,0.0025793072875564113
95.90224266052246,100.38037753105164,645.7495913505554