ParamValue,Train MSE,Test MSE, Exec Time
10,0.12614535254410425,0.12646335837011888,7.793746709823608
15,0.003462741477285188,0.003327114262449865,5.608666181564331
20,0.0010008062387104023,0.0010203991560996755,3.740110397338867
25,0.001116709133275932,0.0011053489470080374,4.8072333335876465
30,0.00023083857513182612,0.00021788884110497515,4.334033250808716
35,0.0024168267231789923,0.0023999679136074074,5.089063405990601
40,0.00039151538577942126,0.00041866066812591105,4.819531679153442
45,0.0003759633759310696,0.0003639147758267773,4.664289474487305
50,0.00020515362529088962,0.00019854581498757683,5.417145013809204