ParamValue,Train MSE,Test MSE, Exec Time
2,9.816671526763926e-05,0.00010032116906322726,477.57041120529175
3,1.0313715467091428e-05,2.508379960620184e-05,671.2183935642242
4,2.2835447629440824e-06,1.7748555449731613e-05,804.733021736145
5,4.640127703176685e-07,1.591179354003984e-05,929.7698774337769
6,7.98622891416167e-07,1.6293949629079407e-05,1061.5630097389221