ParamValue,Train MSE,Test MSE, Exec Time
2,6.965693071657301e-05,7.018097817073663e-05,601.8932650089264
3,5.5963176737737385e-06,6.373408593011299e-06,808.7064235210419
4,2.032824764423964e-06,2.3818536908693133e-06,941.5996568202972
5,3.4478557260012304e-07,3.6019496494628536e-07,1062.3419172763824
6,4.194905004556038e-07,4.0765858593097094e-07,1133.0642096996307