dataset,1,2,3
Train set,0.0014303337558090588,0.0013048017151262633,0.0013727323132772932
Test  set,0.0015741727313800889,0.0014134771430594887,0.0014905755911095615
115.60122489929199,119.94603490829468,376.2109344005585