ParamValue,Train MSE,Test MSE, Exec Time
10,0.07068408861380686,0.06708601316808353,17.7170307636261
15,0.014751093572751334,0.014828573974695504,6.172425746917725
20,0.005490814855192836,0.005265940502470046,6.953257083892822
25,0.004625087706358818,0.00445219058987245,9.041916847229004
30,0.008664473900266036,0.008671739375114899,6.045305013656616
35,0.00418940433752412,0.003913211803220659,6.744945049285889
40,0.0029314357422074596,0.0029369073090207524,10.174071550369263
45,0.0021584604221398596,0.0020941284865945526,8.613860845565796
50,0.003363700871118942,0.0032442388230383406,7.52885627746582