ParamValue,Train MSE,Test MSE, Exec Time
2,0.001376962198280672,0.0012470895155280966,518.8085241317749
3,0.0012326882135965192,0.0011902473147251311,936.2648932933807
4,0.0011225683348733263,0.0011237527414580957,989.3474848270416
5,0.0010363665667139036,0.001062516042172233,905.7425026893616
6,0.000977483244872163,0.0010595759243515826,1104.9010305404663