ParamValue,Train MSE,Test MSE, Exec Time
2,0.0013751247293040992,0.0013767988121897983,582.0242655277252
3,0.001215232138965966,0.00123339671801629,811.3547248840332
4,0.0011519127132382562,0.0012223710734726924,858.496643781662
5,0.0010491024080763617,0.0011287874223866216,918.6842548847198
6,0.0009800388903801925,0.0010883571259842897,1037.3623461723328