ParamValue,Train MSE,Test MSE, Exec Time
2,0.0013104625880546005,0.0013460177532490715,699.3940632343292
3,0.0011769440093534304,0.0011756398508872253,836.4347202777863
4,0.0010843873121775744,0.0011030674946173097,1015.3493845462799
5,0.001050659134886654,0.001089073359364057,1017.5689527988434
6,0.0009848364569831603,0.0010708782985872458,1099.5429952144623