dataset,1,2,3
Train set,0.0008510293068418316,0.0009053019096968126,0.000740223043816814
Test  set,0.0011580774429563966,0.002998512230827869,0.015836452645882494
5.059707164764404,4.50315523147583,7.922744989395142