dataset,1,2,3
Train set,0.0009383197254555564,0.0008319820142981901,0.0007503609843497876
Test  set,0.009136543711885822,0.0019272686331025279,0.001554386728396769
4.5696961879730225,5.736318349838257,8.218644142150879