ParamValue,Train MSE,Test MSE, Exec Time
10,0.0058787127251013,0.03035206986189612,3.2003471851348877
15,0.006911134715844167,0.026777858933672957,3.612135887145996
20,0.0031454720710810758,0.032497779087497035,4.46810245513916
25,0.004633128561056468,0.01669930084073168,3.575657844543457
30,0.004540034781988646,0.024746212104158383,4.33694052696228
35,0.0018335034021192626,0.006162832307440037,4.237717390060425
40,0.004758818738716076,0.024912234464239187,3.5765676498413086
45,0.0021260429002033176,0.002656884248882214,4.053382873535156
50,0.003041435265132288,0.009737574582801651,3.0235466957092285