ParamValue,Train MSE,Test MSE, Exec Time
2,0.0006110038004798749,0.0020345878396862828,8.304771900177002
3,0.0006714116495972714,0.0026027943897615645,10.366819858551025
4,0.0004278815120220153,0.004243243015033744,18.328205108642578
5,0.0005057024328328535,0.00646220871226405,20.421592950820923
6,0.0006233903892667042,0.009254800973362648,21.683924913406372