ParamValue,Train MSE,Test MSE, Exec Time
2,0.0008068590325678046,0.002221550737984109,6.670465469360352
3,0.0006406612673479826,0.001972467561376955,9.94837498664856
4,0.0005659111987620447,0.0020032170149490982,12.434961080551147
5,0.0005243101098009876,0.0022855226922506317,18.93610906600952
6,0.0005481569621098412,0.0021175899391275795,18.941185235977173