ParamValue,Train MSE,Test MSE, Exec Time
2,0.0006555370934679061,0.0010766609277360047,8.19009017944336
3,0.0005256288471615871,0.000986720287255437,11.240262031555176
4,0.0006392526387581283,0.0024431744430845467,16.554903507232666
5,0.0005878854072101542,0.0011296116275807942,19.00735378265381
6,0.0006368895898155244,0.0024479337828821734,18.7257399559021