ParamValue,Train MSE,Test MSE, Exec Time
2,0.0007186365453875117,0.003953682580925787,8.334707498550415
3,0.000722468982667988,0.004554146023432145,10.097050905227661
4,0.00042260758824908294,0.0016440896278559023,12.458566904067993
5,0.000646079513238275,0.002466145959918157,18.651936054229736
6,0.0006329155979630288,0.004370440703352308,19.406845092773438