dataset,1,2,3
Train set,0.0077903161572447045,0.0052439404405065955,0.006635114312504584
Test  set,0.007799628437495401,0.010016918092838499,0.009920381190112987
8.226095914840698,10.28303337097168,29.656397581100464