dataset,1,2,3
Train set,0.008026657069255837,0.005957617863754578,0.006104187142368879
Test  set,0.007358226006058441,0.006093623277581174,0.0055565865159941195
7.35375189781189,13.46123480796814,22.540080785751343