dataset,1,2,3
Train set,0.00876528538970755,0.0060017569482751845,0.007052949046766462
Test  set,0.006666078105858401,0.0062057607653532455,0.0059200559997579115
7.911721706390381,9.973933458328247,19.115283250808716