dataset,1,2,3
Train set,0.007254925377323606,0.00543505113668467,0.005342803827686314
Test  set,0.010318083346117253,0.014300241279597514,0.013289780998648219
9.289392709732056,15.681679248809814,20.39303946495056