ParamValue,Train MSE,Test MSE, Exec Time
10,0.4574831924421334,0.20709164331360014,11.00023102760315
15,16.017025108915476,13.559661060364867,22.256252765655518
20,0.3355903001655594,5.134853501388966,25.98302674293518
25,0.012632754307553324,0.022805408141107476,4.09735369682312
30,0.018575580979972348,0.03487142461959245,4.183909177780151
35,0.02783966836252386,0.03431644439022398,4.591654300689697
40,0.009863368558215511,0.009770600784353874,3.766056776046753
45,0.013826939963999469,0.026172085452184166,4.69557523727417
50,0.008707358867770968,0.019252345120718457,5.391949415206909