ParamValue,Train MSE,Test MSE, Exec Time
2,0.003968163327336023,0.005663247589548547,26.375598907470703
3,0.0029371065504431937,0.007617403527466569,28.909557580947876
4,0.0023156158780392013,0.0052163353377696585,38.40572905540466
5,0.0022650754201045463,0.005711219948042053,39.41638207435608
6,0.0021116273637761932,0.0066023305481212385,43.07263779640198