ParamValue,Train MSE,Test MSE, Exec Time
2,0.004538582949150069,0.012322534672056889,20.084614038467407
3,0.003232768022739758,0.008701031199984445,28.246654748916626
4,0.002370055183239848,0.007565559232218377,38.4137282371521
5,0.0020224365492642654,0.00781666399499846,41.81927132606506
6,0.0022372932362895643,0.012888230072231926,44.74141478538513