ParamValue,Train MSE,Test MSE, Exec Time
2,0.0035754651321593827,0.018477854345349428,23.38590431213379
3,0.002814230340038413,0.00899628240816877,30.956290006637573
4,0.0023566334948482023,0.006296312792165654,47.702276945114136
5,0.0020802514056678816,0.0070686739577987875,48.21520686149597
6,0.0021435535346028484,0.026996356234840948,46.931401014328