dataset,1,2,3
Train set,0.05967843933441489,0.05807120258699193,0.058844889289693614
Test  set,0.05890625879358516,0.05787003659757373,0.05838367453459131
134.751567363739,236.59612655639648,779.8630831241608