dataset,1,2,3
Train set,0.05948654094888872,0.05766532300298616,0.05754907662187323
Test  set,0.0607090274329404,0.05874372927101978,0.058583174896291876
131.75148057937622,194.65338444709778,2051.8902966976166