ParamValue,Train MSE,Test MSE, Exec Time
10,566.7882682423075,457.6666831290562,9.260038137435913
15,0.28265212662323025,0.3002403339604338,2.9814655780792236
20,0.2985524564349786,0.30264082884791116,3.114262580871582
25,0.10783910636594253,0.11019517927530109,2.639108180999756
30,0.07378411586242696,0.07465491978198606,3.8573224544525146
35,0.17072580943296362,0.17953334362329454,3.7431740760803223
40,0.07880094421017182,0.07932617894722133,3.669924736022949
45,0.06569149944369684,0.06754113493457763,3.2310545444488525
50,0.09198893880452987,0.08984625575152108,2.987510919570923