ParamValue,Train MSE,Test MSE, Exec Time
2,0.056563136519113925,0.057045109269032675,803.5444810390472
3,0.05308459013335082,0.05309129204965735,1089.719484090805
4,0.05087994699558938,0.0510469846055086,1324.2778058052063
5,0.04861175995676548,0.049393256035838676,1437.4115977287292
6,0.045646019365575184,0.047545936025160024,1599.9500405788422