ParamValue,Train MSE,Test MSE, Exec Time
2,0.05734245011775674,0.05582925383663553,720.7406475543976
3,0.0532276239545872,0.05203144082401504,1096.0246222019196
4,0.05026298247279805,0.04968080189686313,1247.5722370147705
5,0.04747344441759471,0.04741988768729683,1363.952160358429
6,0.04488657650995828,0.04648296394978661,1515.2541871070862