ParamValue,Train MSE,Test MSE, Exec Time
2,0.05595628144204116,0.05656740567000365,804.7502200603485
3,0.05243550117737366,0.053086549437782245,1187.305435180664
4,0.05066271328043816,0.053948101517014416,1286.8558511734009
5,0.04826531420014092,0.05390683751429013,1467.4498891830444
6,0.04518540691271513,0.049389094519797075,1604.0652270317078