ParamValue,Train MSE,Test MSE, Exec Time
2,0.05666145105549676,0.05568692095237984,720.2660193443298
3,0.05267838849793995,0.051690120255008895,1168.809888601303
4,0.0508657569187925,0.05674715681931614,1366.7172799110413
5,0.04813922783877824,0.06887720213988051,1465.5010738372803
6,0.04578252218805127,10.072660373961448,1617.1019234657288