ParamValue,Train MSE,Test MSE, Exec Time
2,0.054787480356128626,0.05523719060500369,742.4470367431641
3,0.054287019120264415,0.11790543093431809,997.9345099925995
4,0.05008302763063859,0.05247068739779052,1253.8184378147125
5,0.04770761006430314,0.1021420420594935,1354.767942905426
6,0.045926860804541975,313.54780401190254,1527.2553470134735