dataset,1,2,3
Train set,0.016829613866685182,0.008310391538547835,0.009282917500450448
Test  set,0.03771785643533824,0.01590025362029861,0.013966437265420528
8.330341577529907,14.422411680221558,15.090549230575562