dataset,1,2,3
Train set,0.007794258764206081,0.003903589799431097,0.0033574881980305365
Test  set,0.04955605045453196,0.03849847944106496,0.034494760736670266
12.301337242126465,19.6175217628479,19.807087898254395