dataset,1,2,3
Train set,0.017745396363065668,0.007798941093004236,0.010360958537419295
Test  set,0.02062144645902134,0.014942394905787682,0.013060951783528466
10.82135272026062,18.287593841552734,14.24885106086731