ParamValue,Train MSE,Test MSE, Exec Time
10,0.6024510660674617,0.3586788527510883,7.5194079875946045
15,0.040314118969822364,0.07355614947960273,7.606592178344727
20,0.033789385529877966,0.030234545218282505,8.81604552268982
25,0.03004621591767554,0.030546112124380003,9.170899629592896
30,0.028443089164482332,0.026313227067551338,8.030303001403809
35,0.02210929777950355,0.01950253821096703,10.289915323257446
40,0.016514425843322727,0.015023923902354363,12.778738021850586
45,0.014640769882713144,0.017597877566956324,12.271988868713379
50,0.027090943041976748,0.032759438550151315,12.215662240982056