ParamValue,Train MSE,Test MSE, Exec Time
2,0.0021989722699197523,0.011545389811166368,27.850191354751587
3,0.002044424864796973,0.01020322535055191,32.94113302230835
4,0.002125061035721486,0.011650541566554843,42.47193694114685
5,0.0021250610357214862,0.011650541567595695,42.20192766189575
6,0.0021282950759579666,0.008613351374443986,40.151299238204956