ParamValue,Train MSE,Test MSE, Exec Time
2,0.0028630592378209633,0.01465559072147995,22.910094738006592
3,0.002746804255500508,0.014493272454610974,29.986939907073975
4,0.0027627005881590756,0.014457326595682012,35.48684501647949
5,0.0021539948424946016,0.007487688916114575,32.97227764129639
6,0.0034835972329275346,0.01630130251048769,34.21204853057861