dataset,1,2,3
Train set,0.005411179164129699,0.004822175764679651,0.004793122993067008
Test  set,0.005386145973965963,0.004620589972627426,0.004449650156039175
6.150276184082031,6.271864414215088,9.596818923950195