dataset,1,2,3
Train set,0.005030268324616422,0.004529823556367321,0.004482526887981827
Test  set,0.007349553365050619,0.006492546259269242,0.007041360180627108
5.553969621658325,5.531084299087524,8.516364812850952