dataset,1,2,3
Train set,0.005958034617397215,0.005241189113790361,0.005206476653294771
Test  set,0.005458924417586416,0.0041990957123141884,0.004807452267132097
5.48161768913269,5.810713529586792,6.621774435043335