dataset,1,2,3
Train set,0.005717849397727723,0.004910841077559461,0.004946191083613939
Test  set,0.005745121288111767,0.0049326151002906824,0.005396301598977257
4.8985230922698975,5.729220151901245,8.164090156555176