dataset,1,2,3
Train set,0.005791614263315529,0.005015133263037795,0.0048961091859362
Test  set,0.005177598248535788,0.005594677483612913,0.005209192492502489
4.357664108276367,5.480711460113525,12.747913837432861