ParamValue,Train MSE,Test MSE, Exec Time
10,0.029116464709294493,0.03535995857522723,7.386970281600952
15,1.4184724475386867,7.4772030907464515,14.094813346862793
20,0.018223829861580276,0.02473337314943363,3.8856775760650635
25,0.015128364397427709,0.06990853975022092,3.0823686122894287
30,0.688451352101208,1.7773956242570974,4.082650184631348
35,0.007855285714681443,0.005367769066214541,3.118809461593628
40,0.011575301148959487,0.0080663995720659,3.9425909519195557
45,0.009820156940173318,0.008921830727468235,5.455824613571167
50,0.007887845320498452,0.005345659553905414,4.11158561706543