ParamValue,Train MSE,Test MSE, Exec Time
2,0.0041766097043523225,0.0047422457048820555,11.53485631942749
3,0.0037449071482565503,0.0047440309702546325,15.88496708869934
4,0.0031430147961515574,0.004791906629522719,24.643758535385132
5,0.002526597223670792,0.005163103116827955,35.62517261505127
6,0.00242879111921864,0.005724262792649912,39.7344605922699
7,0.0024207248975377563,0.018254618745433052,38.55671548843384
8,0.002167578980251908,0.006507404744538907,39.56784009933472
9,0.002062123277273979,0.08640124848809329,40.608182430267334
10,0.0023750479408857486,0.006269768439510637,38.720205783843994