ParamValue,Train MSE,Test MSE, Exec Time
2,0.004354395382433253,0.003673881932573157,11.275747537612915
3,0.004223719303436243,0.004897520160197934,17.788426876068115
4,0.0031658328998222505,0.004795730906871262,28.974387645721436
5,0.002431163389496796,0.005658984045051983,46.80584001541138
6,0.0023564524414883127,0.006971895994013083,43.02311992645264
7,0.00232560414887995,0.005102298827570172,43.36752510070801
8,0.0024134555259020993,0.005319998078478951,42.64177656173706
9,0.0024341595560936,0.00669668831719681,45.1923406124115
10,0.002327084675782355,0.00501832938905141,45.74324417114258