ParamValue,Train MSE,Test MSE
1,0.0011532569782726962,0.0012442226612462144
2,0.0010384700084866826,0.0011419870401605723
3,0.001010130571291444,0.0011174164656879448
4,0.0010012961664988677,0.0010972697635530737
5,0.0009867518227755486,0.0010755337744697523
6,0.000982271824529185,0.0010757778047758967
7,0.0009748539220123848,0.0010659483578617178
8,0.000975173100788939,0.0010644958993013362
9,0.000979126276314417,0.0010621218302713355