ParamValue,Train MSE,Test MSE
1,0.0011634970398739152,0.0012136118689670974
2,0.0010336769040880467,0.001096215119666474
3,0.0010133644589216798,0.0010818838480416324
4,0.0009897899218983535,0.001063374460484852
5,0.00097714967409589,0.0010528276946416282
6,0.0009742158481830545,0.0010477338760002688
7,0.0009674214379879542,0.0010375079870677932
8,0.0009635291046017444,0.0010358625816200794
9,0.0009646439434104133,0.0010362224814465717