ParamValue,Train MSE,Test MSE
1,0.0011016566229927716,0.0011403202680785056
2,0.0010331507679126352,0.0010845356279151732
3,0.0010034675532777154,0.0010523754218106985
4,0.000990102974710907,0.0010389645459455378
5,0.0009812063852278504,0.001030335711420198
6,0.0009824871091502713,0.001030389358065528
7,0.0009757236890211725,0.0010284149909979843
8,0.000977886692316463,0.0010286840768714296
9,0.0009668908888442473,0.001020056216703895