ParamValue,Train MSE,Test MSE
1,0.0010923093763407423,0.0012067268009918611
2,0.000999718797841645,0.0010782687778544138
3,0.0009695711180708208,0.0010622764653840408
4,0.0009576310450755794,0.0010771922523705078
5,0.0009580742153202651,0.0010854666840787847
6,0.0009538817754950258,0.001073767411222746
7,0.0009489590302303286,0.001056959896208502
8,0.0009454983273967384,0.001057879856515294
9,0.0009442718536386493,0.001050327661733024