ParamValue,Train MSE,Test MSE
1,0.0011910943855070963,0.0012608191250093105
2,0.0010486464129671864,0.0011157447599318279
3,0.0010004233115479886,0.001071834286706929
4,0.0009872631283729745,0.0010425827869942521
5,0.0009928215730652308,0.0010477087712957543
6,0.0009843137109102906,0.0010274162450055653
7,0.0009782956623166602,0.0010272556694340986
8,0.0009663442063475498,0.001012800519041442
9,0.0009664525732527415,0.0010144894086386374