ParamValue,Train MSE,Test MSE
1,0.00112599582506702,0.0011581682357063232
2,0.0010468027623358911,0.0010549210791652604
3,0.0010131794123295764,0.0010128412114840998
4,0.0009884022081484197,0.0009768020034550459
5,0.0009793603483644192,0.0009714867554811992
6,0.0009744452314610845,0.0009609843769715503
7,0.0009718412188774897,0.0009617531349424754
8,0.0009697719020417969,0.0009576499660548574
9,0.0009647754012933221,0.0009505052351549615