ParamValue,Train MSE,Test MSE
1,0.0011078369676950407,0.0012558537223860509
2,0.001020219756969602,0.0012001291501195028
3,0.0009905992268339203,0.0011375312847111522
4,0.0009736235807898725,0.0011168553633291829
5,0.0009633893543431139,0.0011034964423243458
6,0.0009460300585986834,0.0010831205869642252
7,0.000942899708739772,0.001077115725451284
8,0.0009412076862710259,0.0010770585506758466
9,0.0009382338799080737,0.001075828887074181