ParamValue,Train MSE,Test MSE
1,0.001180224510438651,0.0012889879186356
2,0.0010544859737571992,0.0010924301370717191
3,0.001034240956436491,0.0010743088385705602
4,0.0010021695799100616,0.0010416287573875522
5,0.0009872127957770219,0.0010158196392726423
6,0.000984265568493703,0.0010066494493527224
7,0.0009795296355984866,0.001002731774022783
8,0.0009768273872498825,0.0009976010217813472
9,0.0009655176709110295,0.0009882696239878156