ParamValue,Train MSE,Test MSE
1,0.0011461037214027631,0.001191692197834374
2,0.0010349394950143046,0.0010911511001774976
3,0.0010074732018949806,0.0010539368547521615
4,0.000975965697578888,0.0010309304349947561
5,0.0009738250891533749,0.0010333948857488206
6,0.0009656729390737629,0.001022151703191017
7,0.0009633374015435366,0.0010196129207185529
8,0.0009599352297984515,0.0010170473511621413
9,0.0009625573785166955,0.0010159508562895111