ParamValue,Train MSE,Test MSE
1,0.0010945533424904662,0.0012206248425609828
2,0.001005111936830933,0.001116650856176219
3,0.0009811015088689295,0.0010661129311056654
4,0.0009702367693735828,0.0010445971778242887
5,0.0009657976098162198,0.0010443809734981865
6,0.0009661640243697462,0.0010376386332524182
7,0.0009596377965178304,0.0010345149352904075
8,0.0009549884305231958,0.0010349004771071286
9,0.0009546833792809769,0.0010354770874556535