ParamValue,Train MSE,Test MSE
1,0.0011323820312828786,0.0011871540427122848
2,0.001033066969405765,0.0010866444493642408
3,0.001000092271334303,0.0010500517484497826
4,0.0009897884878598397,0.0010437114669558023
5,0.000979942261964207,0.0010252856133151004
6,0.0009818409569458714,0.0010268998675609247
7,0.00097868914724737,0.0010247603880934565
8,0.000971329808894013,0.0010129213184670606
9,0.0009669937022094884,0.0010116876408143459