ParamValue,Train MSE,Test MSE
1,0.0011198944741395381,0.0011538450909860476
2,0.0010317411352661122,0.0010564796835783655
3,0.0009984007592450598,0.0010205370952310136
4,0.0009845131273209348,0.0010107853465936125
5,0.0009800843376927154,0.0009972600596614963
6,0.0009685546322221806,0.0009859288377820914
7,0.0009625416582509989,0.0009729864183770884
8,0.0009633924286660414,0.0009706423775267375
9,0.0009621647728809278,0.0009724426645505074