ParamValue,Train MSE,Test MSE
1,0.0010841531580123706,0.0013628915849988317
2,0.0010101864238800523,0.0012822811479708148
3,0.0009767093549017673,0.001229364500841484
4,0.0009676067877291324,0.0012092271551260012
5,0.0009599821986564605,0.001206320138145705
6,0.0009491821618636567,0.0011893359551129843
7,0.0009482466167353733,0.0011808090284342783
8,0.0009443537609667725,0.001167978583322583
9,0.0009390972392039033,0.001164533757910132