ParamValue,Train MSE,Test MSE
1,0.0010967806369578332,0.0011164840157578198
2,0.0010434919995881621,0.0010521058437486064
3,0.0010132255582076019,0.0010228903782360686
4,0.0010123482357207883,0.0010111838155682858
5,0.000992813639699462,0.000996481032801284
6,0.0009869994868288185,0.0009875238512287916
7,0.0009877405041052128,0.0009875838831522308
8,0.0009843520793953282,0.0009858840440951126
9,0.000977664062693582,0.0009764013350274935