ParamValue,Train MSE,Test MSE
1,0.001109080918801988,0.0012299188208957658
2,0.0010307389467012755,0.001149273828725242
3,0.0009887050709592906,0.0010996580186032395
4,0.0009823879487433269,0.0010824603419912718
5,0.0009828681563346991,0.0010831620057324403
6,0.0009797931812568065,0.0010730263498219292
7,0.0009757830527761934,0.0010747123840679053
8,0.0009726518089853399,0.001061232971414682
9,0.000974201680023533,0.001060283795532692