ParamValue,Train MSE,Test MSE
1,0.0011878904647659666,0.0011953537243435304
2,0.001091987498401714,0.0010872043043685922
3,0.0010377148877577125,0.0010414765620600352
4,0.000990088087139277,0.0009945516915472257
5,0.0009871146411766134,0.000994156804150755
6,0.0009766023637676664,0.000976108225097925
7,0.000975694662067369,0.0009729198202272249
8,0.0009652809177160953,0.0009635556196827817
9,0.000962366939844277,0.0009656170251065895