ParamValue,Train MSE,Test MSE
1,0.0011533772232809123,0.0012742330834765263
2,0.0010348475572430828,0.001115316340253919
3,0.0010145266243574563,0.00108639464012414
4,0.0009979619672311744,0.001069858549331085
5,0.0009857558829966765,0.0010626811594235742
6,0.0013353330208020176,0.001050214774781002
7,0.0012399314731123274,0.0010549563252242433
8,0.0011778384830228726,0.0010497036766267721
9,0.0011340239113045334,0.00104853920105467