dataset,1,2,3
Train set,0.0014639223688690545,0.0013879682567215397,0.0013732066729980731
Test  set,0.0014395390155386469,0.0014011325609702824,0.001366313515452859
81.13320922851562,123.44722557067871,795.9782400131226