dataset,1,2,3
Train set,0.0014475345749871476,0.001344123220786123,0.001369715670315397
Test  set,0.0013813171345943317,0.001301575392583907,0.001315796000670919
91.15596342086792,139.78618836402893,457.31313395500183