dataset,1,2,3
Train set,0.0014530205349746108,0.001404500008429457,0.0014670129947885705
Test  set,0.0014003590903645907,0.0013438649589142529,0.0013895080885377796
97.70143413543701,178.96923923492432,609.9371967315674