dataset,1,2,3
Train set,0.001436654262940683,0.001296634501675811,0.0013584253340482024
Test  set,0.001540595930207006,0.0013517623302525565,0.0014108333750116769
108.67119812965393,112.38212585449219,274.9718952178955