ParamValue,Train MSE,Test MSE, Exec Time
10,0.01580671587310828,0.015164637000335187,16.13154935836792
15,0.00498267753772936,0.0054747269819718095,7.28934645652771
20,0.006865755279018377,0.006941963341720413,7.118809938430786
25,0.006574110401980068,0.006586046357958021,8.455634832382202
30,0.005155386528297795,0.005009421994517308,7.68626070022583
35,0.00387210349784734,0.0037455419331573554,7.035584449768066
40,0.004034896915008954,0.003951776431551789,7.291907787322998
45,0.003187511505405208,0.0032148806346124423,9.335504293441772
50,0.003549519065453094,0.0035604818912301855,8.937713861465454