ParamValue,Train MSE,Test MSE, Exec Time
2,0.0012699667463300114,0.0013486771087214617,697.0563516616821
3,0.0011198222051629766,0.0012296012721144715,900.3319563865662
4,0.0011289740025522141,0.0012322390600130757,901.4889786243439
5,0.0010181335482726025,0.0011178539228093958,969.4975061416626
6,0.0009649378825196838,0.0011451406329276797,1091.4130771160126