ParamValue,Train MSE,Test MSE, Exec Time
2,0.0013427960289237183,0.001394674813245555,695.9978430271149
3,0.0012497196852953526,0.0013173093442368508,624.0708768367767
4,0.0011299603272121944,0.001184959563290166,918.8384063243866
5,0.0010343564092677084,0.0010695071535487203,918.246684551239
6,0.0009899537331661834,0.001089842770858711,1095.1247186660767