ParamValue,Train MSE,Test MSE, Exec Time
2,0.0013822579200928628,0.0014442876807718422,1021.1342921257019
3,0.0011429579388045836,0.0012411317372567775,894.4979400634766
4,0.0011334062526907167,0.0012388164580312052,740.7488536834717
5,0.0010082162400124903,0.0011586373433531737,884.1418561935425
6,0.0009501555289666473,0.0011910855813829166,995.6468005180359