ParamValue,Train MSE,Test MSE, Exec Time
2,0.001343515744574039,0.0013020780581337462,926.0346622467041
3,0.0012131015161203212,0.0012228934982908286,842.8550007343292
4,0.0011547942700696305,0.0011833877980111363,1098.7180297374725
5,0.0010397167613187838,0.00114344444941899,1079.8788919448853
6,0.0009588623520631445,0.0010753331804924005,1178.0540642738342