ParamValue,Train MSE,Test MSE, Exec Time
2,0.0014059856954649777,0.001416675932868796,651.4452624320984
3,0.0011402559946920782,0.0011414248282498123,1010.3637683391571
4,0.0010882886723909604,0.0010616790164979055,1034.5237917900085
5,0.0010199222757694042,0.001060467173784851,1070.2034494876862
6,0.0009685100377241615,0.001072796404820329,1135.9332392215729