ParamValue,Train MSE,Test MSE, Exec Time
2,0.0013099403935469402,0.001502863788548189,626.7618358135223
3,0.0011033152072842062,0.0011930434068047567,814.3460774421692
4,0.0010872154728398997,0.0012043400957372325,991.2373640537262
5,0.0009758269442832547,0.001160803746080282,1104.4972813129425
6,0.0009185432134611067,0.0011432827160306473,1078.4494986534119