ParamValue,Train MSE,Test MSE, Exec Time
2,0.0013238268676464312,0.001299809264702249,613.9968130588531
3,0.00113608548775991,0.00116577890339325,1221.6994979381561
4,0.0010966444841550708,0.0011612241161010517,879.7809739112854
5,0.0010001516318212833,0.0011156313205226633,987.734810590744
6,0.00095609576788808,0.0011461963217099188,1041.2200047969818