dataset,1,2,3
Train set,0.007510941608059238,0.006492479211806575,0.006035244366390599
Test  set,0.007828467053685444,0.007699118313732711,0.007022141517383574
8.161502122879028,7.850946426391602,23.704549312591553