dataset,1,2,3
Train set,0.009448806893318751,0.006452744027308548,0.005957414529442206
Test  set,0.011686827869656332,0.01005922147131737,0.008357753508779571
8.238672494888306,12.875536441802979,18.652445793151855