dataset,1,2,3
Train set,0.007876259486059143,0.0067742590309123,0.007180506033507178
Test  set,0.006387011035701726,0.005938896066438912,0.0057453586609177935
8.221546649932861,10.621404886245728,16.91614055633545