dataset,1,2,3
Train set,0.008926341555917044,0.0067738623557890495,0.006920894693157433
Test  set,0.005580278524118235,0.004851424097624136,0.004996660114364202
8.006688833236694,9.548457145690918,18.964908123016357