ParamValue,Train MSE,Test MSE, Exec Time
2,0.003743012320578054,0.006996756075927438,21.017803192138672
3,0.0031560586487212362,0.011533880766898885,28.62487483024597
4,0.0024427092012305847,0.0071898558650668526,32.59964871406555
5,0.00249432040222671,0.14953464506197398,39.3980917930603
6,0.0023188662910891755,0.011901444307949151,40.62419581413269