ParamValue,Train MSE,Test MSE, Exec Time
2,0.0044922776308723164,0.11245603106604897,21.60142707824707
3,0.0035268940928029203,0.09265785999876654,26.720617055892944
4,0.00291350974301541,0.010922935036711524,31.152392148971558
5,0.0027915626239894517,0.01039115616039613,37.459686040878296
6,0.002363344123880881,0.003796504640707318,44.82858443260193