ParamValue,Train MSE,Test MSE, Exec Time
2,0.0037687512415085517,0.006000290831054944,21.67116093635559
3,0.0029088950426726513,0.005611696331775464,28.379853010177612
4,0.0023031131079262073,0.0047620561141663645,35.14741539955139
5,0.0022474964721342816,0.005775619688337135,39.61251449584961
6,0.002068233572444171,0.0056498874910772285,39.244149684906006