ParamValue,Train MSE,Test MSE, Exec Time
2,0.0038314574779499365,0.004250515275940491,30.03519868850708
3,0.002811245205637228,0.004667592688203825,31.496596097946167
4,0.002217073197937994,0.009331825685862636,39.53410863876343
5,0.002282473590326746,0.01184739872993813,41.08400249481201
6,0.0023679225215281208,0.007771571091189293,42.57173418998718