ParamValue,Train MSE,Test MSE, Exec Time
2,0.004237239468358218,0.005946333771952112,30.762173652648926
3,0.0034589801808283293,0.006395710689109803,29.826189756393433
4,0.002598378811374026,0.008502365710092037,34.382519245147705
5,0.002458241567564537,0.0053725682565569565,42.27609825134277
6,0.0029866352330902204,0.006349179832051057,45.83635449409485