dataset,1,2,3
Train set,0.0057144246729038655,0.005534470611203835,0.005581484683758993
Test  set,0.006999755777076449,0.006766944183922473,0.006871588384596081
12.921892642974854,19.23481845855713,53.30898451805115