dataset,1,2,3
Train set,0.006105956625370364,0.005767728621653233,0.005949333012854587
Test  set,0.005697238711579559,0.006662091104223066,0.005569109076235034
14.428272008895874,24.873257398605347,45.44276809692383