dataset,1,2,3
Train set,0.005682057126296987,0.0055381837676046755,0.005548900679489884
Test  set,0.006832016761949522,0.006713438639343536,0.006676030736201052
16.757675647735596,22.780343294143677,33.10768675804138