dataset,1,2,3
Train set,0.006119160744154021,0.005859212722269729,0.006312659337215168
Test  set,0.005679241662481944,0.005782998834690354,0.006407580694365325
15.574001789093018,21.151151180267334,53.6757447719574