ParamValue,Train MSE,Test MSE, Exec Time
10,0.04476247381644036,0.04882752469141001,2.923314094543457
15,0.8611354112093471,1.0595535826445375,3.206962823867798
20,0.018893568336309417,0.02242987913681537,3.323435068130493
25,0.01363741005916386,0.015054574656400619,3.6030704975128174
30,0.6842070634383386,0.8752411691705261,4.681248664855957
35,0.17600271221984087,0.17908420716496237,4.7882399559021
40,0.19203170491229887,0.018696729373670954,5.512519836425781
45,0.46503387271084606,0.3198696059009415,6.865304231643677
50,0.020850143940807603,0.01884452707949768,7.179164171218872