ParamValue,Train MSE,Test MSE, Exec Time
10,0.009998684604320138,0.011862763298356374,2.9407474994659424
15,0.06249843361704566,0.06271216736806783,3.184950828552246
20,0.04179108330815539,0.0447882424547288,3.8803534507751465
25,0.29401134758667136,0.38454925534810896,4.507852554321289
30,0.012465368388602105,0.013888450138225716,4.448393106460571
35,0.08524861061638331,0.06681072213643974,5.589258432388306
40,2.6694132532425114,0.9084935678953144,6.0770745277404785
45,130.10703137167798,196.05487925383287,7.246626377105713
50,0.9921306063421835,0.36297987076118216,7.216991901397705