ParamValue,Train MSE,Test MSE, Exec Time
10,0.04425611908935978,0.04449333561175666,4.763773202896118
15,0.013748462751129176,0.014426283284116227,3.0267598628997803
20,0.01899014133660786,0.02155950235458471,3.324484348297119
25,0.49599749779727786,0.1909271810664776,4.146434783935547
30,0.47715526206904946,0.43373568809988944,5.445404529571533
35,0.6149173270347748,0.25001986970850515,5.4265501499176025
40,0.1442938660921417,0.10963264802436236,5.826504468917847
45,0.10963594773970914,0.05029773360550523,6.455430030822754
50,0.46166233400565176,0.1365155710187108,7.838454246520996