ParamValue,Train MSE,Test MSE, Exec Time
10,0.01863714381271063,0.01939202606832845,3.095881462097168
15,0.020911739984550527,0.022502140044262778,3.02667498588562
20,0.10549384162405791,0.08159238081188915,3.395484685897827
25,0.9780498998847684,1.8848236582038647,4.089261293411255
30,0.1770926937837353,0.2405437478251816,5.110076665878296
35,0.058551132607386445,0.08489057098616139,4.975861310958862
40,0.18236771716964592,0.17597047698955828,5.934904336929321
45,0.10998801321392947,0.20474985880236216,6.440523862838745
50,1.1045679361283742,0.24651868019266587,7.9917731285095215