ParamValue,Train MSE,Test MSE, Exec Time
2,0.00553330185752924,0.00558399177424996,27.691299438476562
3,0.0054145287106475695,0.005548363536629834,41.33714532852173
4,0.0052622915248175944,0.00564111467999844,57.58592891693115
5,0.005057546346430703,0.005783796671291777,80.59556460380554
6,0.004625958612865159,0.114306062190641,127.93099975585938