ParamValue,Train MSE,Test MSE, Exec Time
2,0.005534949846684907,0.005531336791775323,28.99797487258911
3,0.005420216264577436,0.006270781996127919,41.06138038635254
4,0.005304276094904387,0.005523645501980234,56.12472105026245
5,0.0051166440906844236,0.005777085905420275,85.83149719238281
6,0.004620082984004095,0.006335199768549093,134.11475586891174