ParamValue,Train MSE,Test MSE, Exec Time
2,0.0055730433365156,0.005323374530131277,31.656956911087036
3,0.00548923668769229,0.005240184279798255,41.42115569114685
4,0.0053612879002907085,0.005399383050791264,54.074652910232544
5,0.005166693537250089,0.0056222414592770045,78.79515838623047
6,0.00478154093949936,0.006733319618484383,124.6347062587738