dataset,1,2,3
Train set,0.006008471765043259,0.005846301447866094,0.0059197191016306825
Test  set,0.006726285070147441,0.03235569631755721,0.023422606716046037
14.161036014556885,20.087158203125,63.32482695579529