dataset,1,2,3
Train set,0.005943875525727552,0.005800326928039392,0.0057911333240837515
Test  set,0.005802496700018145,0.005529527325711822,0.005590299862678475
15.244424819946289,18.686405658721924,68.58594250679016