dataset,1,2,3
Train set,0.005827506582464945,0.005621296483858115,0.0057343617477687596
Test  set,0.006386224864111636,0.006173183685588833,0.006424449066227431
15.302693605422974,19.95688223838806,63.52009034156799