ParamValue,Train MSE,Test MSE, Exec Time
10,0.048704155958020245,0.052153133526869774,2.848008394241333
15,0.011285302756937324,0.011962027694878034,2.9479422569274902
20,0.016728244752569166,0.016545007447213628,3.6457509994506836
25,0.023432160284472325,0.024946951835609542,3.8435261249542236
30,0.0729692034884923,0.07167892488193985,4.459261655807495
35,0.01872372896526184,0.024117471365143018,5.207054138183594
40,0.030234432633997565,0.03044972859585222,5.641154527664185
45,0.01413136601973694,0.014340109284323381,6.505470514297485
50,1.2419641961444652,1.3594396551283956,7.717830419540405