ParamValue,Train MSE,Test MSE, Exec Time
10,0.10329644876966372,0.0957893634061365,3.4875049591064453
15,4.454493606263631,4.476251436626949,3.7300233840942383
20,0.008701126806414002,0.009453059189673419,3.27656888961792
25,0.10953276502201709,0.11207147564667694,3.955885410308838
30,0.09081424457356836,2.911548632644372,4.846944332122803
35,0.14990125066377508,0.14266019924703807,5.463464975357056
40,0.32858145881119666,0.3111255278983323,6.128153085708618
45,0.34459379658377237,0.5169674270857427,6.162420034408569
50,0.7354423067624418,0.8778757023929676,7.331078767776489