ParamValue,Train MSE,Test MSE, Exec Time
10,0.18610928663563753,0.1823765061866767,4.420841932296753
15,0.23180196203952264,0.24560578925283583,3.392096996307373
20,0.02568973973051935,0.0249029971135863,3.5140554904937744
25,3818.3772645485806,3253.857605492592,4.846132278442383
30,0.12760279335415228,0.03285275787931924,4.872419357299805
35,0.6028270801186142,0.31640976180475716,5.606123208999634
40,0.04663096169179744,0.02318901078817233,5.969705104827881
45,2.753993069257724,1.9395162403559638,6.718920946121216
50,0.8027037608151231,0.5151403835174152,6.820925951004028