ParamValue,Train MSE,Test MSE, Exec Time
2,0.005560227020146203,0.005362331334919164,30.051669597625732
3,0.005547542873433042,0.005332786669657321,37.57424068450928
4,0.005302499975424747,0.00511253338603723,61.7229437828064
5,0.005137868385732912,0.005595036890317135,79.57311487197876
6,0.004623082228057124,0.00659985885847663,121.72734928131104