ParamValue,Train MSE,Test MSE, Exec Time
2,0.00528977088919171,0.0063910505582919904,34.52282667160034
3,0.0052603679725496235,0.007154204240238521,43.51897835731506
4,0.005053729509296859,0.03326062210396609,56.88209247589111
5,0.004901393460048661,0.007022800058772437,86.61473441123962
6,0.004483886102421501,0.00711272377276929,123.46439957618713