ParamValue,Train MSE,Test MSE, Exec Time
2,0.0055540294197013755,0.0055459082847678625,26.953068017959595
3,0.005399804825740679,0.006380014749471338,40.81497645378113
4,0.005264109401601053,0.00565494195788829,54.071975231170654
5,0.005059715898816066,0.006090618394961104,82.87395238876343
6,0.004807129112987308,0.006334257872000265,117.89364218711853