ParamValue,Train MSE,Test MSE, Exec Time
2,0.005488793298957707,0.0059786465064417225,27.279149770736694
3,0.005350092708098344,0.005950094064476446,42.04826545715332
4,0.005046903576024976,0.006225837354791292,58.257715940475464
5,0.004894747460383679,0.007087064880655042,83.24670839309692
6,0.00457119596830052,0.006955845999358863,118.06306338310242