ParamValue,Train MSE,Test MSE, Exec Time
2,0.005524396668523548,0.005716734290754193,26.659870862960815
3,0.005346693695822164,0.005701423964148471,36.157289028167725
4,0.005204044438685071,0.00626147456261545,53.262784481048584
5,0.00488999664879144,0.006785255186402198,75.81942510604858
6,0.004553292921189614,0.0069114183748855956,115.99266958236694