ParamValue,Train MSE,Test MSE, Exec Time
2,0.005519423687040389,0.0056746275839997746,31.282715320587158
3,0.005397232017259161,0.00570132834960574,37.43105363845825
4,0.005230615459639612,0.006344940170676353,52.966283559799194
5,0.004939179357763945,0.00636423558684517,82.89694571495056
6,0.004514929516831274,0.008422644128941113,123.71868705749512