ParamValue,Train MSE,Test MSE, Exec Time
2,0.005428057283176623,0.006132484209438318,30.4035587310791
3,0.005250902283286733,0.006164520531053282,39.942726135253906
4,0.005176922575672735,0.006077165035386543,53.73144721984863
5,0.004921992011953518,0.006367802214370772,84.89552712440491
6,0.004547160449829327,0.007993740992906605,125.41380000114441