ParamValue,Train MSE,Test MSE, Exec Time
2,0.005566039595632229,0.005391773315731117,28.914745330810547
3,0.005472678870043118,0.005278475861838276,35.6468620300293
4,0.005270145795543066,0.005513133493643755,51.571585178375244
5,0.005140281845995982,0.005779729767230495,73.22113418579102
6,0.004524331780548785,0.012099777701770268,131.68717861175537