dataset,1,2,3
Train set,0.008581669887963791,0.006534927884274569,0.00673240643064589
Test  set,0.0123121996266529,0.008745222492679334,0.010536344148746395
9.530425310134888,10.5892174243927,19.499581336975098