dataset,1,2,3
Train set,0.008037278673458742,0.006816468851950312,0.006692257207194254
Test  set,0.01132093164494869,0.0117282818495329,0.009049416189864207
7.661155939102173,8.715397119522095,20.76761031150818