dataset,1,2,3
Train set,0.005213236487451609,0.004104360861770425,0.005093586735303551
Test  set,0.017305995445725808,0.016725214073165153,0.017471373007484473
7.408919811248779,7.952610731124878,19.80543351173401