ParamValue,Train MSE,Test MSE, Exec Time
10,0.0989117247356658,0.14831281938129748,10.688963651657104
15,42.617799833423575,56.4404221043246,30.739354133605957
20,18605.150892818896,42190.74660515492,76.05437445640564
25,92405.56261492969,29.797871502992322,66.65285444259644
30,0.01987111565716991,0.0160564223355745,5.343700170516968
35,0.013865111403594766,0.02211933840761759,4.433915376663208
40,0.016428129637448795,0.0182924294258496,4.585073947906494
45,0.24243973662098017,0.021851965093995677,5.574689149856567
50,0.013169963581553923,0.02549660530925737,6.231202125549316