ParamValue,Train MSE,Test MSE, Exec Time
10,3.9182627464485322,0.18924210177712425,27.89053249359131
15,74.30638531930455,70.3432652413082,21.905434608459473
20,408.52125448083336,179.64185215360294,30.264662265777588
25,0.012071156425264537,0.012437143016608128,4.214101314544678
30,0.047447560535584556,0.037624116358013965,5.527068853378296
35,0.01271610229735978,0.016005511117079055,4.786869525909424
40,0.010933965814881187,0.02023967860870357,4.669742822647095
45,0.01756215873841924,0.03434218727048051,4.461450099945068
50,0.009016250457894729,0.012553281397566248,4.892266750335693