ParamValue,Train MSE,Test MSE, Exec Time
10,19.143962268598244,3.0901193359229504,56.40426278114319
15,67.36096108669558,0.48605990117210834,40.8939106464386
20,0.3997384306749971,0.12780422581887158,28.540963888168335
25,0.042596285741139,0.0352935422459955,3.9891929626464844
30,0.02285448976026346,0.028118649415685332,3.8759191036224365
35,0.015397342844908854,0.023562012195088765,3.728555679321289
40,0.01366834977593045,0.021567868047473526,5.265816688537598
45,0.03290512617904439,0.03879537545536863,3.414783239364624
50,0.00996059368939924,0.013848323222340034,5.0294859409332275