ParamValue,Train MSE,Test MSE, Exec Time
2,0.0054627962421378035,0.3724987898579448,13.649844408035278
3,0.0031617347950308795,0.0051068852344101304,27.563833951950073
4,0.0024972129914695375,1.616294574788736,33.290504932403564
5,0.00216559007240097,0.013663934956714483,39.92491030693054
6,0.002421944594782143,0.044458740862245195,38.63095283508301