ParamValue,Train MSE,Test MSE, Exec Time
2,0.004975014969142942,0.009189289206858445,29.550936460494995
3,0.0034066875262652846,0.007696886915240734,31.384526252746582
4,0.0025377713325885768,0.00820611393825708,32.732139587402344
5,0.0020113536957095794,0.008843603694859365,41.04525685310364
6,0.0020320909783587016,0.00769028405658135,43.9404776096344