ParamValue,Train MSE,Test MSE, Exec Time
2,0.003653506989702166,0.005161051225601778,28.379693746566772
3,0.002856967051812436,0.005754112963647459,27.618677616119385
4,0.0023468742892502124,0.017736003972391726,38.45979428291321
5,0.002614306712347554,0.007980515008961611,43.386903285980225
6,0.002557398290261862,0.008424598854212366,40.21020817756653