dataset,1,2,3
Train set,0.0014174845801150399,0.0013554186878612564,0.0014609612072435203
Test  set,0.001517556006982616,0.0014456944147357808,0.0015371531952969879
98.27006077766418,102.28225326538086,617.0662243366241