ParamValue,Train MSE,Test MSE, Exec Time
10,0.007313750496244465,0.007680324159401053,15.25079870223999
15,0.009931328375981652,0.009540755340137933,5.527092456817627
20,0.0028396534258342617,0.0027523724424707474,6.696879148483276
25,0.004469513231656818,0.004739914047333084,6.407888412475586
30,0.004387686832549339,0.0042371000421820544,7.193713188171387
35,0.005281970512054667,0.004719890048060956,8.169789552688599
40,0.0021873739011161056,0.0021354571218896376,6.616508960723877
45,0.0024366234257114745,0.002396666737972285,8.720572710037231
50,0.00308965668365759,0.0029168707362274013,6.879769325256348