ParamValue,Train MSE,Test MSE, Exec Time
2,0.0013282627405247123,0.0014432975073247914,756.3002452850342
3,0.0011869422059366766,0.001241122478040134,882.7366473674774
4,0.0010525133231183354,0.0011268251885697936,975.1138336658478
5,0.0009929843574886382,0.0011470981933685846,965.0737919807434
6,0.0009437191945012112,0.001171973506783374,1122.3832585811615