ParamValue,Train MSE,Test MSE, Exec Time
2,0.0012433152967184348,0.0013135835494298095,947.0517120361328
3,0.0011342281129979874,0.0012241547576590855,750.9356911182404
4,0.0011079158306444693,0.001280494026226894,936.9679718017578
5,0.0010128625173961246,0.0011653247299324627,997.0246415138245
6,0.0009703185229323806,0.0012423098186885744,1043.006876707077