ParamValue,Train MSE,Test MSE, Exec Time
2,0.001295782313462674,0.0013227266384458717,877.6229286193848
3,0.0011927708700188975,0.0012305931465619062,910.484881401062
4,0.0011402410894985155,0.001173350915525095,1032.5963711738586
5,0.0010397177789380797,0.0010946852585525422,1032.0949187278748
6,0.0009774541340796658,0.0010812387166643682,1143.3201787471771