dataset,1,2,3
Train set,0.019664358777252748,0.02039538352455893,0.020404926099211802
Test  set,0.018800565280644707,0.019263975164529,0.01882779978271838
52.234960317611694,93.95046520233154,386.0649633407593