dataset,1,2,3
Train set,0.01972247700496876,0.01897651870598924,0.02009658584851664
Test  set,0.018899904681282283,0.01823349187008726,0.01991415865852286
65.55750751495361,89.61174392700195,434.58338499069214