dataset,1,2,3
Train set,0.007844209735301613,0.005354461549871428,0.006254628233734807
Test  set,0.007092246530406538,0.006946983451205369,0.0055986367307064525
7.852499723434448,17.804945468902588,18.390902280807495