ParamValue,Train MSE,Test MSE, Exec Time
10,2.5657163775796397,2.603782678001892,12.146996974945068
15,11.819940467284503,0.6156054188400069,31.693007230758667
20,0.8030306910193641,0.299566156691643,28.144444465637207
25,0.01939774273590431,0.0313920376812405,4.2724199295043945
30,0.01876086796933416,0.024673739038068812,4.610155820846558
35,0.01131296212146985,0.024529050337595514,4.433491230010986
40,0.5322029992380795,0.20127278832063697,5.703581094741821
45,0.01383034161798041,0.039914002811382764,5.1923487186431885
50,0.011996447025645474,0.033909980931716655,5.523488759994507