ParamValue,Train MSE,Test MSE, Exec Time
10,16.130749299196896,13.690597539180386,12.640195608139038
15,14.459833095305921,8.699828859593849,18.81355309486389
20,1.6430360618844588,0.3616870407506593,29.195229530334473
25,0.40674442339499783,0.020084358007850855,5.188945293426514
30,0.017562766362058963,0.008795306989427857,4.250720739364624
35,0.03948786627912281,0.049569994927010884,5.469577789306641
40,0.01618543513525987,0.0093244232544248,4.751567125320435
45,0.02266654974245635,0.011858205836081315,5.582839488983154
50,0.016229218896265364,0.006939533608446651,4.408582925796509