ParamValue,Train MSE,Test MSE, Exec Time
2,0.0031249886948717664,0.008905242511544986,26.0384783744812
3,0.0025482183618984367,0.008387829218807819,28.241093158721924
4,0.0020901920499627642,0.010258293000549212,37.53357219696045
5,0.00194453046259254,0.011976684183629155,44.663766384124756
6,0.00201481776768516,0.009662582095771605,43.97548222541809