ParamValue,Train MSE,Test MSE, Exec Time
2,0.0035843895327660135,0.03468955993737786,22.382988214492798
3,0.002565948544742661,0.1891230971149015,31.324829578399658
4,0.0017884132156588974,0.14153133692401262,37.15744757652283
5,0.0016745376678798686,0.038984863534349386,45.3919472694397
6,0.0019662760750296195,0.01673906225725181,42.59066939353943