dataset,1,2,3
Train set,0.0009815551605791785,0.0007158907162934169,0.0006635054161769313
Test  set,0.0012610328679951914,0.0015675268995928241,0.003528619716316358
3.900660753250122,6.04553484916687,8.2341148853302