ParamValue,Train MSE,Test MSE, Exec Time
10,0.037309210319630755,0.015229781792232786,6.04756498336792
15,0.0023000587765647992,0.0021544315988134056,3.368267059326172
20,0.0025038957169233756,0.003931870619364288,2.9318363666534424
25,0.0024002575898852897,0.002207839127077228,3.267366409301758
30,0.0046268521986887285,0.001857837329368406,2.7812399864196777
35,0.040051056143808925,0.0018511485474336667,2.8089094161987305
40,0.15438999118774713,0.0012412468366880523,4.340413808822632
45,0.13104079278681155,0.00744334110004147,4.0037522315979
50,0.04831784972072986,0.0019123061774812054,3.5126030445098877