ParamValue,Train MSE,Test MSE, Exec Time
10,0.09681012967064677,0.06972275135564776,3.328094482421875
15,0.007884242668681742,0.00525006946325114,3.453139543533325
20,0.006578063459057829,0.004579431051438392,3.0090079307556152
25,0.005190549903211202,0.005412346621537903,2.849672555923462
30,0.012323185893926213,0.0213021483679602,3.0149853229522705
35,0.005191134028995214,0.005216742475365936,3.2265727519989014
40,0.00455601883496324,0.0086437629244903,4.040478706359863
45,0.0013847977887195117,0.006007135500625126,4.138119697570801
50,0.0023691533507966796,0.003018415600723604,4.058169841766357