ParamValue,Train MSE,Test MSE, Exec Time
2,0.0007644228670093584,0.0010971876564411177,7.7373011112213135
3,0.00043185174311429587,0.0013442836804129093,13.008262634277344
4,0.0006049271689219746,0.0013866985184537424,15.133517980575562
5,0.0006346215921950103,0.0012593017930043384,19.855926513671875
6,0.000594774730250047,0.0026007575160410462,22.499791622161865
7,0.0006656343191414147,0.0015171261641011018,22.110870122909546
8,0.000543754164436922,0.0013063234307029946,22.516641855239868
9,0.0006523683859226363,0.0012984590147330033,19.03380799293518
10,0.0006614144348292,0.001304231885034715,19.496646642684937