ParamValue,Train MSE,Test MSE, Exec Time
2,0.0004985188736168899,0.0199891802977453,7.470152378082275
3,0.0004467078204907867,0.04244818308657334,10.131256103515625
4,0.00036937308931857726,0.044790566458203604,14.170676231384277
5,0.00044856935243445294,0.04192142030982888,18.998074769973755
6,0.00044830602739866264,0.04189240048714004,21.531956911087036
7,0.0004422316355181462,0.04183831160456016,21.497431993484497
8,0.00044524484969523656,0.041841833124522776,23.191412448883057
9,0.00047595902448034774,0.041883725321860896,22.47809386253357
10,0.0004496934022305531,0.04197540797671808,22.004649877548218