ParamValue,Train MSE,Test MSE, Exec Time
2,0.0006769578010546623,0.002832419052553678,8.41886830329895
3,0.0007204093707819403,0.0019221995684172999,11.24787163734436
4,0.0007140593281584948,0.0007341501904696143,13.632708311080933
5,0.0010702918249324155,0.0010004817471461996,17.533719301223755
6,0.0007335247322820152,0.0008726688730207223,21.381146669387817
7,0.0006891109296525263,0.0008988114560412764,21.266806602478027
8,0.0006906908215649461,0.003972491173753569,21.80512022972107
9,0.0007271700350385594,0.0007446976899962719,21.337058782577515
10,0.0006969099327666473,0.0008358882743501505,20.906800031661987