ParamValue,Train MSE,Test MSE, Exec Time
2,0.0005706449403102714,0.023283698117282117,8.959409475326538
3,0.0005472915580071783,0.0232395899767893,11.167306661605835
4,0.0005185125286140119,0.023268857736098332,15.27055549621582
5,0.0005149262600594289,0.02334927617804005,20.619200468063354
6,0.0004774428872257099,0.015433358890425389,21.5140700340271
7,0.000507786271440891,0.023325459034501894,21.160808324813843
8,0.0006047457040584258,0.008915309779075608,21.319252967834473
9,0.0005076743520065851,0.02331695253240189,21.813233852386475
10,0.0004369768041169556,0.012696242665052551,20.656631231307983