ParamValue,Train MSE,Test MSE, Exec Time
2,0.000650579423551089,0.00450923286656734,6.709211587905884
3,0.0003777753364103401,0.006471616749693942,10.840520858764648
4,0.0004100730599075184,0.007720290050107518,13.529081583023071
5,0.00040305966040187266,0.007784141410036512,16.82733392715454
6,0.00035038733332830156,0.017307874813008512,19.43336510658264
7,0.0004004364575791683,0.0076884171261711225,20.55316662788391
8,0.00034221017374099654,0.010348908989441574,22.203059673309326
9,0.0003458820866990116,0.006223656120761622,21.639957904815674
10,0.00039823091316574535,0.00782361891619057,20.160499095916748