ParamValue,Train MSE,Test MSE, Exec Time
2,0.0007034033782209044,0.007453262966261305,8.497838497161865
3,0.0006181037943861632,0.005526082741768616,10.733266353607178
4,0.0006176924489298252,0.0019836451111261656,13.022892475128174
5,0.00043895484058268535,0.0016716479983633953,18.017831087112427
6,0.0005866300225134929,0.00214038866465643,17.51581382751465
7,0.00046403019469584613,0.002264330758855183,17.863085508346558
8,0.00045314490515426355,0.002149874075557054,17.660959005355835
9,0.0005883347394586902,0.005584826706101361,18.047684907913208
10,0.0004640301946958458,0.0022643307134531973,18.121613264083862