ParamValue,Train MSE,Test MSE, Exec Time
2,0.0008607181996275146,0.0022822805865074618,6.54975152015686
3,0.0005972346261795666,0.002673291445632776,10.53506326675415
4,0.0005936578030120554,0.0015945712541662138,16.38572382926941
5,0.0006170525358315332,0.003111877798836268,20.966275453567505
6,0.000540416279004622,0.0032370370176444496,21.13484477996826
7,0.0005734107101395223,0.0016085825593012786,21.85710644721985
8,0.0005667970063917259,0.0019186967551248937,21.389455318450928
9,0.000475836752667786,0.003080405420856079,21.81466293334961
10,0.0005833015900193783,0.001595993382677436,21.348831176757812