dataset,1,2,3
Train set,0.001471781247124223,0.0013799631845671343,0.0013270221047927936
Test  set,0.001384888208600351,0.001311024066418968,0.0012374464479599123
116.87226104736328,161.86544489860535,592.9011006355286