ParamValue,Train MSE,Test MSE, Exec Time
10,0.011179359665336954,0.012091046514726448,21.56494975090027
15,0.018368882473538163,0.018678272471309303,28.329843997955322
20,0.006250911407808706,0.006920358441463092,8.092566013336182
25,0.0064987387678337545,0.006812110227144434,8.465925216674805
30,0.029971967274842023,0.025629860245004972,7.975947380065918
35,0.0073664827178880005,0.007610219586068408,9.428829193115234
40,0.006129350312775314,0.006386652559488513,9.195584774017334
45,0.007065810007462922,0.007638492845690143,9.28093957901001
50,0.003754566157516856,0.003834516844494257,12.546202659606934