ParamValue,Train MSE,Test MSE, Exec Time
10,0.024665625272134544,0.022516468585930764,21.538403272628784
15,0.014827350099769477,0.015312766802056644,6.0067689418792725
20,0.009357703195953243,0.009486683521806082,6.913068532943726
25,0.004268078019755663,0.00424956648014043,5.780831336975098
30,0.005191400827033789,0.004990626160397443,8.334338188171387
35,0.0023765488095556825,0.002265128659783776,6.893704175949097
40,0.0026176107242746618,0.0024220326432015066,8.645726442337036
45,0.005270783764850597,0.0051842156903533065,9.508770942687988
50,0.003011456370068949,0.002789093077698834,9.637537240982056