ParamValue,Train MSE,Test MSE, Exec Time
2,0.0012801269243668924,0.0014579343478163015,571.5661225318909
3,0.0010803063359154659,0.0012047540827703714,1078.6877398490906
4,0.0011123888436559018,0.0012653731755619098,911.223699092865
5,0.0010000722555563188,0.029376633162680688,936.6470465660095
6,0.0009427451166154351,0.03903550264002748,1128.2874262332916
7,0.0008487473906429954,0.41128512309049264,1315.2708806991577
8,0.0007376864444186872,0.8951667285618017,1534.571313381195
9,0.0006472071093956917,2.00956882482814,2085.0717980861664
10,0.000549526275201369,3.502905299958912,2366.9891934394836