ParamValue,Train MSE,Test MSE, Exec Time
2,0.0013365554933777084,0.0012538389540229307,759.5367479324341
3,0.0012196326433995285,0.0011018844407781618,787.2152724266052
4,0.001124653953687041,0.0010773101033618381,931.8622136116028
5,0.001015283360582133,0.0010223520712307932,978.7358710765839
6,0.0009398758000711385,0.0010034002681961357,1177.0063824653625
7,0.0008736779638776138,0.5343945199752037,1304.2024095058441
8,0.000774263676599141,0.7204860089633547,1607.2269532680511
9,0.0006755735360077754,2.130232260925792,1940.2243230342865
10,0.0005815405943126392,3.84018592218441,2348.174589395523