dataset,1,2,3
Train set,0.0007571788990037887,0.00072105424469008,0.0005516338854059407
Test  set,0.0024630808004382455,0.004337637327107165,0.009941308788670215
5.406973600387573,4.910888195037842,8.396173000335693