dataset,1,2,3
Train set,0.0007381827612233285,0.0007471433255093924,0.0006285990089404464
Test  set,0.002691460932211163,0.006755384225394181,0.0037964675071013717
4.595120429992676,4.67534065246582,6.360812664031982