dataset,1,2,3
Train set,0.0008309739870342148,0.0006844705775076104,0.0008898131482171062
Test  set,0.002047019232052392,0.0014437872103605527,0.0022120949123230005
3.9629766941070557,6.186416149139404,6.672960519790649