ParamValue,Train MSE,Test MSE, Exec Time
10,0.25292713578329734,0.03273107503420508,3.981663942337036
15,0.1335269996753962,0.463434021756688,4.045748472213745
20,0.010225941244858962,0.004050150511065999,3.0684237480163574
25,0.0304507684106422,0.007824009423336102,2.6391408443450928
30,0.0110141977682569,0.003613057267187424,3.3344244956970215
35,0.017545142209650783,0.0028313501610671542,2.7028727531433105
40,0.005203159214803783,0.008490337607977032,3.016482353210449
45,0.003103897547688959,0.0034318658479441464,3.6863608360290527
50,0.004341019539698973,0.004313953729619989,2.9328572750091553