ParamValue,Train MSE,Test MSE, Exec Time
10,0.006310650240527658,0.011647614419097877,2.879873037338257
15,0.0064304310707057055,0.013605122039477044,3.4432005882263184
20,0.031819514764266615,0.01241760685215618,3.4778122901916504
25,0.0050649780521639315,0.026032712263771813,3.042086124420166
30,0.10015322028025385,0.03673816055829659,3.2599518299102783
35,0.0020953808303078997,0.008384449407446513,3.281710147857666
40,0.011795981084468337,0.014448600146565328,3.55281662940979
45,0.002783984694680154,0.0018790992446924097,3.8377556800842285
50,0.016236138530350948,0.009950166793404583,4.046731233596802