ParamValue,Train MSE,Test MSE, Exec Time
10,0.014146427475974537,0.007898339878812874,2.320887565612793
15,0.00852588497706667,0.0015291405539965563,2.984560251235962
20,0.06457018756726082,0.01106198312920488,4.189668416976929
25,0.00326649704278873,0.0013867148762639712,3.022211790084839
30,0.019278692409401957,0.024908116403887844,3.723766803741455
35,0.09421726152044853,0.017955075364413122,3.121718645095825
40,0.04408785599679207,0.05239740315802505,3.6416754722595215
45,0.0043861543969304735,0.017355666981511246,3.3669188022613525
50,0.03009377113266618,0.002326369387616956,3.901491403579712