ParamValue,Train MSE,Test MSE, Exec Time
10,0.0850394739702936,0.04454920722657144,4.400882720947266
15,0.009000525830078671,0.0038483163717907467,2.763774871826172
20,0.012646326190188007,0.004488751065363077,3.6464362144470215
25,0.011357671686579383,0.0015924633060878436,3.425767660140991
30,0.007424178239811722,0.0027018621899670366,3.3684275150299072
35,0.00893893377965382,0.0036785331983919026,2.9784095287323
40,0.0037316961740074097,0.0011236220450061213,3.7898077964782715
45,0.0033190854388169774,0.0005550373739800515,3.794806718826294
50,0.09832603954430458,0.0026437653221966866,4.134708404541016