ParamValue,Train MSE,Test MSE, Exec Time
10,0.02789878595291493,0.0417365725481425,5.674285173416138
15,0.00478830115760381,0.0031289234069465702,4.5008745193481445
20,0.0034515768126441634,0.001655988468357621,4.927502155303955
25,0.06757306665951826,0.005688272712566473,5.496196746826172
30,0.0032173865155775655,0.001364786785354701,4.0507652759552
35,0.17571815340634764,0.2728748653048426,5.583528280258179
40,0.0019066843181790793,0.0027621376538488813,4.257819890975952
45,0.0022129342259679533,0.0032582156348902,5.604797601699829
50,0.0021401720428404604,0.0030641457803119478,4.8209874629974365