ParamValue,Train MSE,Test MSE, Exec Time
2,0.0005943395025656104,0.001677241410682491,8.10085654258728
3,0.0005719159219611892,0.001592064789025481,11.306490659713745
4,0.0007713511069370931,0.0018626488204704767,14.458447933197021
5,0.0005578670878531764,0.001968251366881355,22.174161195755005
6,0.0006774112255430741,0.0013523756595648637,22.162365913391113