ParamValue,Train MSE,Test MSE, Exec Time
2,0.0006271270038527735,0.004074194620514617,8.977373600006104
3,0.0005362322365958302,0.0029860127673016173,12.146406650543213
4,0.0007253656723276936,0.004488021166015124,15.756694078445435
5,0.0005321395833999922,0.0031630619804096987,23.16516637802124
6,0.0005679842511591854,0.001997486275755448,22.825740337371826