dataset,1,2,3
Train set,0.018092018921580542,0.007404054935427495,0.008994141103830811
Test  set,0.03180507118187991,0.015008299236807066,0.018346978356895974
7.65028190612793,16.005613803863525,15.20535922050476