dataset,1,2,3
Train set,0.017500619242928964,0.0099952862442348,0.008077396691934568
Test  set,0.038393012339612176,0.016700501764979517,0.02296513033469491
8.660170555114746,14.556430339813232,21.853288412094116