dataset,1,2,3
Train set,0.017471990141632778,0.008031070244545432,0.008636061627137419
Test  set,0.01892396995566506,0.007310535120681536,0.01090176740566792
10.679081439971924,12.359607934951782,15.104133605957031