dataset,1,2,3
Train set,0.02214818173439705,0.00914116195434579,0.009206657801318551
Test  set,0.013747396947940254,0.012374714266014214,0.007954836012185353
8.312795877456665,12.365370273590088,16.292473077774048