ParamValue,Train MSE,Test MSE, Exec Time
10,2.291072170574534,1.7559637641472197,19.95858407020569
15,0.04308309943867854,0.030882017136999874,8.037118434906006
20,0.04426290869380222,0.07932339578072849,9.468703746795654
25,0.025686814089078948,0.02775558656547605,9.176715612411499
30,0.027958741633709247,0.032933596863345634,10.64854621887207
35,0.016466339680857315,0.021024632731146936,10.70378303527832
40,0.03540030751276455,0.028402522869702684,9.838351011276245
45,0.042062475198037255,0.02989227228817797,11.762563943862915
50,0.02337844562132803,0.01895565393881779,10.789539337158203