ParamValue,Train MSE,Test MSE, Exec Time
10,11.024656243763538,0.5523206144520029,19.66808819770813
15,0.4486936267746706,0.10070390444058146,28.444815635681152
20,0.029001940136785448,0.042746574743586174,8.672457218170166
25,0.023080663303624648,0.03259553738642597,11.296287298202515
30,0.021483338251877922,0.03129261608610648,8.743555784225464
35,0.021241549815921537,0.014455778542049488,9.610905647277832
40,0.024473985409316085,0.04580476987886235,10.946499586105347
45,0.017203909765088145,0.03662346223494823,8.495654821395874
50,0.014487527776096836,0.031522045062489214,12.172566413879395