ParamValue,Train MSE,Test MSE, Exec Time
10,666.837045997,979.867430969214,21.291927337646484
15,0.08014225652900903,0.0677887620695187,8.49065899848938
20,0.028198553761777947,0.025663060194454468,9.440070867538452
25,0.044264989977201824,0.03504130093486325,8.089654445648193
30,0.020825801329540896,0.03598890265143459,7.690699815750122
35,0.12004970992892439,0.2548432530152829,11.830842971801758
40,0.07124709432164751,0.053586357956834536,14.08853554725647
45,0.04024430235290287,0.009516544821868641,11.857133150100708
50,0.02580654781090255,0.03157552488264411,10.259353637695312