ParamValue,Train MSE,Test MSE, Exec Time
2,0.004716530624800249,0.00939711832905127,20.254696369171143
3,0.004000936352026526,0.03609390935044909,33.17925024032593
4,0.004284828778968151,0.03281574561296614,41.581401348114014
5,0.003839577606248989,0.03625465878352713,44.80441474914551
6,0.0038443869171723754,0.03653514192528008,44.15397763252258