dataset,1,2,3
Train set,0.005906583125429543,0.005618237232160531,0.005895670075983271
Test  set,0.006221623827567522,0.006288528754919311,0.00586920184731957
14.17905330657959,22.592378854751587,89.72479724884033