dataset,1,2,3
Train set,0.005972092581394013,0.0057225702500913935,0.005810038510457383
Test  set,0.00578670904450187,0.005811806101089699,0.005967363242842291
14.788498640060425,20.441664218902588,56.77097988128662