dataset,1,2,3
Train set,0.0059136175772506435,0.005736150426367497,0.005700530415060956
Test  set,0.006218435901948249,0.006057590532211683,0.006900018763470698
14.932106494903564,18.14181900024414,47.5888991355896