ParamValue,Train MSE,Test MSE, Exec Time
10,0.01383949877654808,0.014115753855790007,2.871015787124634
15,0.012263455820134526,0.010743040969121327,2.7710304260253906
20,0.14571836667189947,0.17153685166191046,3.3518269062042236
25,0.015560744121855171,0.01675031037016505,3.8561136722564697
30,0.036729522959716446,0.03888219316522012,4.427395582199097
35,0.25711728119798755,0.03746752281991508,5.431962251663208
40,0.09791670931128033,0.11843237241179254,5.893238544464111
45,0.43774579554329424,0.594678613903247,6.500676393508911
50,0.013231002377669051,0.014077322394400214,2.6978538036346436