ParamValue,Train MSE,Test MSE, Exec Time
10,0.011913202261730808,0.013812184433711024,3.0222909450531006
15,0.011056000498275556,0.012567276198002181,2.9962351322174072
20,0.03735397036217922,0.0310177957458933,3.5031845569610596
25,0.38588517587522103,0.5438910402214082,4.328207015991211
30,0.02066995284572051,0.027944265779343655,4.473104000091553
35,0.16335088750938567,0.24365774866475973,5.267461061477661
40,0.01222485041324508,0.01322383657928209,6.067587614059448
45,0.1342029494609697,0.05935697472922525,7.441980600357056
50,0.051255905501286815,0.05459929329425938,7.493982553482056