ParamValue,Train MSE,Test MSE, Exec Time
2,0.0055039295748387645,0.005910673328814838,28.639748573303223
3,0.005366025433275268,0.006101678178724148,41.635648012161255
4,0.005253068702353323,0.005896308390995913,59.93812036514282
5,0.005041434474066836,0.006437607709160047,82.05687761306763
6,0.004606824795249355,0.006729669066669637,123.26202607154846