ParamValue,Train MSE,Test MSE, Exec Time
2,0.005525829719565363,0.005518956369946713,28.29296898841858
3,0.005435452146181632,0.0054980318789716815,37.78276252746582
4,0.00512588853630766,0.0064951207399674355,58.74602651596069
5,0.004983267140119539,0.006289441089543955,83.03855061531067
6,0.0047159119241594605,0.006938047507119632,119.21387696266174