ParamValue,Train MSE,Test MSE, Exec Time
2,0.005511341034331543,0.005594487634950599,30.15728259086609
3,0.00539258426830899,0.005596359664083015,45.02848672866821
4,0.005240470875796437,0.00559866689642749,62.29078769683838
5,0.004994612021696362,0.0063264049108511635,83.80718207359314
6,0.0046002837719652705,0.008052052648679808,128.5585560798645