ParamValue,Train MSE,Test MSE, Exec Time
2,0.005412913654577772,0.006457484755788725,26.91962170600891
3,0.005263231099172709,0.0919725486182048,41.09781622886658
4,0.005098324663196882,0.07713094246289619,55.57336616516113
5,0.0048304722516822746,0.8592569993159492,86.38281893730164
6,0.004435925008025887,0.042562499109722624,134.86372709274292