dataset,1,2,3
Train set,0.019885078445088647,0.019137568611453257,0.02186981776060983
Test  set,0.020059391358001076,0.018975911584299246,0.021920817074727157
51.266955852508545,86.16669702529907,313.8076550960541