dataset,1,2,3
Train set,0.019613120896839694,0.01955844447586677,0.019389638507581627
Test  set,0.020079142248150456,0.02067717386005278,0.02910384303304859
51.197031021118164,75.98916745185852,483.7358009815216