dataset,1,2,3
Train set,0.019115691521328273,0.01970326652554815,0.020022111481851682
Test  set,0.017868908606551014,0.018377575236206978,0.01919919554903339
66.94503355026245,88.55229377746582,631.7268190383911