dataset,1,2,3
Train set,0.019562003887094375,0.01990398062525605,0.02061803758914924
Test  set,0.019479015947430674,0.022249264773340636,0.021289814998255694
62.380406618118286,126.81617975234985,470.1796131134033