ParamValue,Train MSE,Test MSE, Exec Time
10,0.08021888953035446,0.07869441334285458,2.978531837463379
15,7.739165836749893,8.451861950308682,4.016651153564453
20,0.5015580136893277,0.7084882805203586,4.117079496383667
25,14.33324181073133,247.99292240356402,5.246504306793213
30,3.1139528560719487,3.750195866202087,4.91097617149353
35,0.09574932468235163,0.08915937244504,5.382893800735474
40,0.18984887283518093,0.1871212193399989,6.077340602874756
45,51.544389575229076,65.08074049917019,6.911154270172119
50,285.98348578595693,724.7710280616546,7.98355770111084