ParamValue,Train MSE,Test MSE, Exec Time
10,0.44776754569241173,0.7727818081627402,2.8805723190307617
15,323.973883688037,1257.1194781492545,3.947002649307251
20,0.047176011610103756,0.04868892079993986,3.3216421604156494
25,0.1915347442554584,0.21751926237289884,4.06925368309021
30,0.08348684719189772,0.08644537878552845,4.379659414291382
35,1.7540073183558778,7.221960289098115,5.201075315475464
40,0.23222097203003228,0.21627105700565186,5.704016447067261
45,0.2829461757605548,0.7761279811254675,6.854043960571289
50,0.37975308049569195,0.9475301567457718,7.471607685089111