ParamValue,Train MSE,Test MSE, Exec Time
2,0.017127650365315633,0.018329469254474432,203.98491835594177
3,0.0165865118238762,0.018421427709023316,254.75122785568237
4,0.015171650855757111,0.01650228265709392,290.054940700531
5,0.014517516197570746,0.015762899414594196,357.93177819252014
6,0.01331567213358415,0.016105928713907078,430.5213873386383