ParamValue,Train MSE,Test MSE, Exec Time
2,0.017690811257743903,0.018473989509683583,174.18004512786865
3,0.016368368929004125,0.01784361113042158,297.19078540802
4,0.015264706842792743,0.01705085161914245,331.4993212223053
5,0.014441101755155691,0.02646587781760377,412.3562545776367
6,0.013188718939784981,0.04958637676412584,471.0218241214752