ParamValue,Train MSE,Test MSE, Exec Time
2,0.016872287166668956,0.017778596002484888,182.8412480354309
3,0.016522656723113465,0.017695534192595928,240.82241773605347
4,0.015446863518245568,0.01655647814275226,303.31429839134216
5,0.014862325643769,0.01655986026139961,386.3415253162384
6,0.013027673455490834,0.015740650750091047,469.6536078453064