ParamValue,Train MSE,Test MSE, Exec Time
2,0.017248376895034608,0.01853470815189322,197.05873894691467
3,0.016465838803083773,0.018111237285954613,246.78793215751648
4,0.01547779036121356,0.018870907767733622,277.11902475357056
5,0.014480533349891725,0.01765469858541663,346.2313311100006
6,0.01316105809789036,0.021167324627215236,445.635053396225