ParamValue,Train MSE,Test MSE, Exec Time
2,0.017229155297108303,0.016935598230018948,210.0238482952118
3,0.016740347877836737,0.01694129930504755,260.2364511489868
4,0.015503905286943205,0.01590826921726012,322.75280928611755
5,0.01459835184015083,0.015479270337959969,371.66189336776733
6,0.012919674991505821,0.014168527385755888,468.03728795051575