ParamValue,Train MSE,Test MSE, Exec Time
2,0.018152254414573958,0.017803866397045603,180.5811460018158
3,0.016700404966722628,0.017172707337672195,219.89085221290588
4,0.01556010870255862,0.01655414389716243,291.45744156837463
5,0.014833817943819582,0.015042404881393535,374.0645489692688
6,0.013528505158574625,0.019058743122610584,440.00169920921326