dataset,1,2,3
Train set,0.059974165384584104,0.057334312286518564,0.05881569554736866
Test  set,0.059345016898782896,0.05697960755690842,0.05861033192941464
146.11285138130188,290.2347571849823,729.5650570392609