dataset,1,2,3
Train set,0.059274077019669434,0.058024217251137586,0.05921230649034077
Test  set,0.05967926374770067,0.05836815958743467,0.05957051159091538
166.40417075157166,194.83236598968506,542.734706401825