dataset,1,2,3
Train set,0.05952559550753047,0.05765698423979384,0.058099504154108854
Test  set,0.05967812620760827,0.05777474619848363,0.058578273607454844
193.9577112197876,206.06819081306458,708.9279294013977