ParamValue,Train MSE,Test MSE, Exec Time
2,0.056817168326935265,0.05663413041999427,720.525092124939
3,0.0538271208620445,0.06018896118548309,1056.0351476669312
4,0.05133563887599591,0.05248101112383879,1268.1849958896637
5,0.047413765658527465,1.1059479321511858,1386.0194931030273
6,0.04526642059678506,6.429380102591577,1573.4272718429565
7,0.04217919414145535,20.367508370299273,1759.7048456668854
8,0.039218881437992986,1.26143064379521,1983.3044683933258
9,0.03526498275047406,5.3548254827866195,2323.76855802536
10,0.03165620852314207,32.85119327296491,2751.722492456436