ParamValue,Train MSE,Test MSE, Exec Time
2,0.05626549955344553,0.05735823342830962,671.2387812137604
3,0.05226414861784624,0.05384129750226341,1079.3585093021393
4,0.050417388717117366,0.06114199419561964,1308.384961605072
5,0.047774230957844284,1.1129193345026838,1501.003113746643
6,0.04516958343333267,27.909751671597164,1652.0834231376648
7,0.041406773888233134,18.688530259440224,1783.9786353111267
8,0.03860330873795242,0.14510864091792045,2030.6219465732574
9,0.034675578041600486,6.964236845915303,2319.465092897415
10,0.03061506853075658,0.5661187327802387,2834.3989083766937