ParamValue,Train MSE,Test MSE, Exec Time
2,0.056769083749057606,0.05631964911402177,690.9036822319031
3,0.05381592640120357,0.054353132441798346,1027.5206544399261
4,0.050541139430203864,0.08551259564494196,1338.5877120494843
5,0.04787991372435862,0.05636590594443673,1521.2392778396606
6,0.045732891909876144,107.43917687280512,1658.3941235542297
7,0.042068975019814256,7.277925974416957,1826.7809655666351
8,0.0388364650137072,118.55691192098597,2082.008772134781
9,0.03490887532346836,70.17133193155074,2382.316899061203
10,0.030890696005970126,2649.509617878255,2938.92556476593