ParamValue,Train MSE,Test MSE, Exec Time
2,0.05705075469741901,0.0558528169432785,673.8465638160706
3,0.05465933233680372,0.05309282683883417,1078.6920547485352
4,0.050576820745021116,0.04995522772476954,1335.0641767978668
5,0.04754388535501325,0.06301297779001717,1441.1138455867767
6,0.04528752547414783,0.07165497745855337,1529.1061248779297
7,0.04247615212452692,1.164460788062943,1752.5587964057922
8,0.039500061909649845,0.49841474567663807,2000.113797903061
9,0.03539982599835337,0.11145170047171005,2423.3522386550903
10,0.032041522643047216,1.08378501460913,2825.979817867279