ParamValue,Train MSE,Test MSE, Exec Time
2,0.05672591791264336,0.055080737319315495,627.8142428398132
3,0.05400117652590243,0.052375874388110644,950.1949191093445
4,0.05177734150480432,0.0510098406593438,1143.7632355690002
5,0.048939330097132853,0.5516869963708663,1273.2324180603027
6,0.04606165626016207,74.74275034559729,1439.6370377540588
7,0.04248670475594979,0.061068954102918876,1575.2302083969116
8,0.03899762636643472,1.254991349708838,1869.4461877346039
9,0.03555241207764025,0.26273516194979396,2251.817875623703
10,0.03185143869996568,0.07129470219555312,2655.1871123313904