ParamValue,Train MSE,Test MSE, Exec Time
2,0.05653496983244627,0.05732346373614832,681.1775939464569
3,0.05345420442186198,0.05431645976723717,957.9560420513153
4,0.050704447952628434,0.05214249354731185,1102.927085161209
5,0.048350402793277174,0.05121503343881979,1262.8957846164703
6,0.04492222148690522,0.048278737662624645,1427.6925809383392
7,0.042510029469117944,0.04923483062273496,1639.1996364593506
8,0.039646140831448046,0.1254608576679968,1862.178817987442
9,0.03603095092961665,0.9289618838514088,2214.227975845337
10,0.031787431009531165,7.642294854927122,2641.19491314888