ParamValue,Train MSE,Test MSE, Exec Time
10,0.06374133948470005,0.06597921307342211,18.097288131713867
15,0.010508327281284474,0.010880772844214417,6.4609315395355225
20,0.006309257444086053,0.005795975722237263,6.097124338150024
25,0.010302369772915952,0.010175748150986104,6.892083168029785
30,0.07412766300113402,0.07597426905931011,6.800922632217407
35,0.002384292614132591,0.002347147723102062,6.63827109336853
40,0.002141384501098608,0.0021319623627142647,8.5480375289917
45,0.0017835249433546417,0.0017913970016504967,7.697777509689331
50,0.002253098143182414,0.002253941438426252,7.822828769683838