dataset,1,2,3
Train set,0.0010056546941897013,0.0009365786300317238,0.0008600441296591044
Test  set,0.0013295086059515843,0.0011220061999499841,0.0010591335169930444
3.281069755554199,4.482930421829224,7.1791534423828125