dataset,1,2,3
Train set,0.0011745580623677499,0.0008421858853619949,0.0007584099412538937
Test  set,0.0012061073221892756,0.00615710274171661,0.001446042258763382
3.840243339538574,5.784963369369507,8.682929754257202