dataset,1,2,3
Train set,0.0008157756830568163,0.0005964102150315107,0.0005862439052166215
Test  set,0.0023897182088692278,0.0023386998019605167,0.0024214561397192962
4.449130296707153,5.599317312240601,5.7999773025512695