ParamValue,Train MSE,Test MSE, Exec Time
10,0.1902219983296734,2.6964092241578252,2.8381574153900146
15,0.002006504543559584,0.0025742456411059567,3.247286796569824
20,0.0069218088650005475,0.14290638535516814,3.6396000385284424
25,0.004909656371576274,0.02432491639015641,2.643268585205078
30,0.008313118562096345,0.09850471571422291,3.3718037605285645
35,0.06126231372582089,0.7255395745247588,3.2480249404907227
40,0.006749648749703333,0.029282167274916678,3.8782966136932373
45,0.001576370509207634,0.013824493826929204,3.902325391769409
50,0.0020109793692191648,0.09770977054494383,3.642939567565918