ParamValue,Train MSE,Test MSE, Exec Time
10,0.175871987475639,0.33244276204156026,3.1606128215789795
15,0.008687174755129923,0.01376347434662462,2.8554675579071045
20,0.011636554303048741,0.011603709317890135,3.628330707550049
25,0.005276417392362833,0.001468077736241516,2.916182279586792
30,0.0066850028435455535,0.001823506308912115,2.960744857788086
35,0.005577299172035665,0.00826929358699544,2.9422852993011475
40,0.001979819354624208,0.002209009660824649,3.8891971111297607
45,0.012869950065621806,0.0037662279882356717,3.244494915008545
50,0.0068566255643739225,0.0017132565409487789,3.4980151653289795