ParamValue,Train MSE,Test MSE, Exec Time
10,0.0029976045806008457,0.007975184035976543,4.883808374404907
15,0.0049922282236094405,0.015754823770596563,5.3235557079315186
20,0.004607487296335733,0.015538007218995337,4.415481805801392
25,0.008377595955008558,0.0374751571898293,4.7824790477752686
30,0.02703986443930742,0.03658297420589321,5.378476858139038
35,0.018487022073361423,0.06539098530688067,4.774469375610352
40,0.001321335969289204,0.0026553074779903595,3.6124184131622314
45,0.001779031301734552,0.0016983579554628685,5.5242085456848145
50,0.011861551187396763,0.02163781438742775,4.6810431480407715