ParamValue,Train MSE,Test MSE, Exec Time
10,0.01179905372049368,0.003474909645243409,3.378192901611328
15,0.004559768044945906,0.002371316245709811,3.091984987258911
20,0.00840363581691026,0.0019031163862103593,3.2004201412200928
25,0.005072402737992964,0.002892211853320555,2.7732951641082764
30,0.0039992086623615065,0.0009854897555788486,3.315859079360962
35,0.003324281361480581,0.0024152163556727764,3.3869147300720215
40,0.0559149789841439,0.036856032082432405,3.280357599258423
45,0.002838033125120768,0.0016560584039718074,2.7818009853363037
50,0.0036697261271696046,0.0038362106624537057,3.313955068588257