ParamValue,Train MSE,Test MSE, Exec Time
2,0.000665529005727168,0.002884409350700615,8.121428489685059
3,0.0005472660507026007,0.010598699585599064,12.61061716079712
4,0.0004889788524448083,0.009800709656560797,18.901811599731445
5,0.0004787835137422397,0.0347883825555926,20.969464540481567
6,0.0004889393959060857,0.0031790232035822756,20.492241621017456