ParamValue,Train MSE,Test MSE, Exec Time
2,0.000752477806744426,0.0007955878199769862,7.10843825340271
3,0.0007274331157466534,0.0007714183767561343,10.1481192111969
4,0.0007518674392918968,0.001038923087523773,13.428556680679321
5,0.000923580567424626,0.0005958215251236433,16.23732089996338
6,0.0006985988701357981,0.0008313737635284578,16.695070028305054