ParamValue,Train MSE,Test MSE, Exec Time
2,0.000642175550637721,0.002020130392627053,7.841761589050293
3,0.0007035328643419151,0.0021003544367283696,10.117634534835815
4,0.0006133182591069493,0.0020412145144298676,12.299740076065063
5,0.0006079041720244669,0.0020392806278778505,14.14881443977356
6,0.000610697823344233,0.0020527782065531707,14.196085929870605