ParamValue,Train MSE,Test MSE, Exec Time
2,0.0004408079825206776,0.003935678813683722,7.334576845169067
3,0.0003698287030485147,0.002901957667322414,11.000931978225708
4,0.0004898572445701035,0.0033712369484691384,11.533425569534302
5,0.0004563889759017997,0.0035740908134593886,18.228702545166016
6,0.00034225553009848927,0.0031019461081139275,21.586145401000977