ParamValue,Train MSE,Test MSE, Exec Time
2,0.0008225434023648645,0.0010083536298343234,6.4780800342559814
3,0.0007659690693836546,0.0014004280924988016,9.751553058624268
4,0.0008145452069940623,0.0006062260193907797,11.81149935722351
5,0.0007938663061073025,0.0007468672265269565,16.929338455200195
6,0.0008377060168492774,0.0015141488095143758,17.46402668952942