ParamValue,Train MSE,Test MSE, Exec Time
2,0.0005819502965654141,0.0012725682953068716,7.319441080093384
3,0.0005022705510727767,0.001330622660626852,10.77368688583374
4,0.0004923409076662374,0.001459006042239223,13.342324495315552
5,0.0004698187556991391,0.0015472187330721758,19.77123188972473
6,0.00043244634955962426,0.0029316917466233917,21.63653874397278