ParamValue,Train MSE,Test MSE
1,0.22339740761694046,19.812801371462974
2,0.20195576046242328,5.025016000025959
3,0.12006669108265652,2.6524592766432282
4,0.09218699910984883,1.5136409388902183
5,0.09476281664594031,0.9835632544079169
6,0.08680938239161033,0.6979678727462261
7,0.13066373971771722,0.3833160806186303
8,0.11139851847616486,0.3048492912153011
9,0.17529315252990646,0.15670403880063674