ParamValue,Train MSE,Test MSE
1,0.3786290654405075,1.5607371913749741
2,0.13061803880516729,0.2658230459640479
3,1.4481396839086293,1.2411030638650222
4,0.8354917059626221,0.7205948370229466
5,0.5436367940829658,0.5300829277663629
6,0.39198095552134954,0.478497779834495
7,0.35661589292801155,0.5444305832935342
8,0.28412421637252316,0.5179988961759351
9,0.23447998316208937,0.4195453277300287