ParamValue,Train MSE,Test MSE
1,0.05296329785522286,0.05260206780038595
2,0.09544053475182528,0.04993846978799131
3,0.07103412289775048,0.05001775756029434
4,0.0616065089115829,0.049860479448217136
5,0.05639569083750502,0.04914605406665186
6,0.0535875084096288,0.04859869240520006
7,0.05177852714861437,0.04835656364000508
8,0.05089218324242802,0.04828494218615302
9,0.05028774846037094,0.04829713406188676