ParamValue,Train MSE,Test MSE
1,0.07306624050209887,1.1599271414147223
2,0.12502156081863447,0.7408175927786195
3,0.08086175297057957,0.3564814019250107
4,0.06741625899966218,0.37301807978721374
5,0.12049341079817297,0.31403011445789214
6,0.09848620590534632,0.2319699499682019
7,0.0820098125478745,0.18344201288295162
8,0.07418857253048447,0.14863735532897704
9,0.06889851305312353,0.12266554876773157