ParamValue,Train MSE,Test MSE
1,0.05160475759633709,0.054152667964930325
2,0.04766546817097366,0.04950000990710987
3,0.05305098677199155,0.04895275025656351
4,0.050347400597538845,0.04883527531341168
5,0.2021385975822396,0.04911847922675921
6,0.2361283564912871,0.04940109400237577
7,0.19443485063921126,0.049221414492631795
8,0.16010753573747688,0.04920731401836277
9,0.1365083044667299,0.04926253837943668