ParamValue,Train MSE,Test MSE
1,1.691104779213899,1.5731287542475862
2,0.5437996250853294,0.44638454468596417
3,0.10203787745810183,0.11886817511958404
4,0.08840399518412104,0.146421248138907
5,0.07571939015393066,0.33114825491608785
6,0.06404362231918811,0.22887770333482985
7,0.21983781369724653,0.19351456712598247
8,0.17965213265305965,0.16067737290815604
9,0.15106168282415428,0.13723645442028382