ParamValue,Train MSE,Test MSE
1,0.6407373958178548,7.220262651535142
2,0.2274770935235115,1.4881275892574446
3,0.3093603020010691,1.1393613202249442
4,0.19594348315106508,0.6619110092100354
5,0.1428052334875003,0.4484629113112119
6,0.11614898014476473,0.32994369761367626
7,0.09901209983512815,0.16494877066802213
8,0.10546624943355024,0.13812523120185863
9,0.087477304877314,0.09023487192623524