ParamValue,Train MSE,Test MSE
1,0.051829865370409706,0.058393805094010376
2,0.04950588885584544,0.05321664150415888
3,0.048797028755573325,0.05012940152324218
4,0.04949745440206901,0.0500980857456412
5,0.048924128179231786,0.049117000774487704
6,0.048483625148733875,0.04845486622502927
7,0.04829776182212993,0.04815154221649651
8,0.05323630159009181,0.048098435591680956
9,0.05218911315865549,0.0480094683513826