dataset,1,2,3
Train set,0.060047031167093416,0.05773008344216217,0.058515471495851616
Test  set,0.06023145949642434,0.058244455847988756,0.059058448928356655
124.53473782539368,247.64000844955444,975.5903587341309