dataset,1,2,3
Train set,0.05934376333222036,0.05758241291989668,0.05796898995407045
Test  set,0.05867956383101413,0.057460843044363434,0.05821270114384588
183.62348818778992,257.4928123950958,1768.6426265239716