dataset,1,2,3
Train set,0.05901048120353745,0.05827150135022301,0.05858734704332738
Test  set,0.05854386646436901,0.057541299289656435,0.058313634152911575
137.9001111984253,206.33637523651123,918.0629580020905