dataset,1,2,3
Train set,0.0599370011236741,0.05842548091957027,0.05856907531957492
Test  set,0.05968000017040452,0.05789252441647737,0.05840394587881569
140.9202959537506,202.31921076774597,1233.9076931476593