ParamValue,Train MSE,Test MSE, Exec Time
10,21.299424776932213,41.89936055422655,9.930290222167969
15,0.08028129624708774,0.07845775590873767,4.078642845153809
20,0.6203392766707554,0.5047170763348275,4.693910121917725
25,4.534467183459751,4.684530702143832,6.382867097854614
30,0.14450553272633263,0.19350410123472658,6.0583860874176025
35,0.10323979996082516,0.10846705491449332,3.647874593734741
40,0.114080045896383,0.11254220684691794,4.47629189491272
45,0.0835129543763645,0.08672242147915521,4.092263460159302
50,0.06612861913544239,0.06574644619360054,4.746047258377075