ParamValue,Train MSE,Test MSE, Exec Time
10,21.405565382685317,7.759907419670853,7.858327627182007
15,0.17327938798271547,0.17913880388824543,3.147710084915161
20,0.2879324823376909,0.2940904784279107,3.453958749771118
25,0.23727858294882814,0.2345512339685981,3.3261358737945557
30,0.15543963385615137,0.10281238628779323,2.9708609580993652
35,0.20685671330977218,0.20469418817379503,3.2515788078308105
40,0.3007237003047318,0.17894630634073547,3.9595859050750732
45,0.1344686517966661,0.17836481315102856,3.337090015411377
50,0.09899336432890721,0.08406093458148686,3.3079288005828857