ParamValue,Train MSE,Test MSE, Exec Time
10,583.7166498975521,375.4611168996765,7.868228912353516
15,2.557857882178239,2.388849679058492,3.0595693588256836
20,0.07444667622840866,0.0734212370529497,2.642040252685547
25,0.09353259131662003,0.09068699994716885,2.9762659072875977
30,0.0995408596645661,0.09671252614521215,2.8025808334350586
35,0.5564735968122237,0.463317353935688,4.085307836532593
40,0.09296276608894657,0.08845182822883309,3.525650978088379
45,0.07176438497837064,0.07078830226985718,2.976145029067993
50,0.1336590633551973,0.11021033550331244,3.863633871078491