ParamValue,Train MSE,Test MSE, Exec Time
2,0.05639757435642269,0.05697000377395424,741.6579194068909
3,0.05232777807663955,0.052847418135349246,1144.7439024448395
4,0.049887692112432935,0.0507233761463375,1311.618174314499
5,0.048553397810202986,1.7059587132159182,1450.7822942733765
6,0.045136158721935125,103.53243193142015,1625.6594524383545