ParamValue,Train MSE,Test MSE, Exec Time
2,0.0560771694828138,0.055410337180446384,800.038031578064
3,0.054062007887060726,0.052918822966238475,1063.217971086502
4,0.05085091742809124,0.05105177573368953,1306.8520002365112
5,0.04798560236971023,0.06503566550956463,1441.4975061416626
6,0.044994588106532174,0.0563906844576041,1609.9547531604767