dataset,1,2,3
Train set,0.0011146059531882836,0.0009652677389337428,0.0006295444470731323
Test  set,0.0015446466316855379,0.0014194205086185412,0.009341908154863025
4.391797065734863,6.327613353729248,13.467867374420166