ParamValue,Train MSE,Test MSE, Exec Time
10,0.003545244556691016,0.0015256037822033114,2.7886407375335693
15,0.006421013791754517,0.0031566820488423877,2.8805904388427734
20,0.11362042507984287,0.0028866911808250063,4.349620342254639
25,0.16636183461667256,0.0025255067351705285,3.102490186691284
30,0.005453914304801685,0.0010623199033072948,3.147056818008423
35,0.025052112942261257,0.0042294413849207485,3.746649980545044
40,0.0025937319453302986,0.000746998241948384,3.367274761199951
45,0.008384959803341899,0.0021549315377019864,3.4981725215911865
50,0.00807881019289402,0.0035482160155182623,4.033426523208618