ParamValue,Train MSE,Test MSE, Exec Time
10,0.03586928074614361,0.0028514820057521195,3.6842973232269287
15,0.022004204412707614,0.0018150633000159444,3.4137368202209473
20,0.005952156035385226,0.0012116657716040398,2.6191928386688232
25,0.005241396848761159,0.0018373500091915399,3.473533868789673
30,0.00950576125442504,0.0024922247689292227,3.5678977966308594
35,0.06418663739358456,0.008838350769563103,3.819934368133545
40,0.004180701893772423,0.005345094385611975,3.41459321975708
45,0.0033027453579512903,0.0014925154646679346,3.3392179012298584
50,0.016042307970512745,0.10677793211671174,4.214137077331543