ParamValue,Train MSE,Test MSE, Exec Time
2,0.0006406523454152999,0.009832273503945816,8.0443754196167
3,0.0006141533723339794,0.010358547452665593,10.613265991210938
4,0.0006284306769889565,0.009815933138329748,11.732866764068604
5,0.0005985674430566678,0.012961174988410398,15.239437818527222
6,0.0007291667987433726,0.002003211294608554,14.34085202217102