ParamValue,Train MSE,Test MSE, Exec Time
2,0.0007028338170385561,0.0027134649159828014,7.514601707458496
3,0.0005957394654614958,0.0013373736352358884,10.960994482040405
4,0.0005867332075961572,0.0014539574818546543,13.754248857498169
5,0.0006377261820539123,0.002832954076389259,16.178701400756836
6,0.0005442996785952586,0.0013483799713260986,19.31473159790039