ParamValue,Train MSE,Test MSE, Exec Time
2,0.0006513309310415392,0.023827824388106884,7.324911594390869
3,0.0006325261610419029,0.0068257024427737616,10.205642461776733
4,0.000564216304087647,0.006964540133231271,16.429429531097412
5,0.0006793382706492614,0.003907583755894586,18.093787670135498
6,0.00063217884063512,0.007128695073268372,17.69929814338684