dataset,1,2,3
Train set,0.0014777907477820907,0.001286448310233122,0.001395900388370689
Test  set,0.001417323185236288,0.0012743103303154328,0.001378429824969544
85.37364363670349,101.60530924797058,390.4457654953003