dataset,1,2,3
Train set,0.001440521234950041,0.0013171987559678694,0.0013403266364542812
Test  set,0.001547954361325695,0.001401002281085171,0.001426007566662008
86.25779724121094,111.88385128974915,326.3149960041046