ParamValue,Train MSE,Test MSE, Exec Time
10,0.010215645588632619,0.01087763564536696,20.166902780532837
15,0.004657031959323188,0.0044638169164196205,6.580853700637817
20,0.009718023852837265,0.010288412981985863,4.927049160003662
25,0.0031633672841039945,0.0032102555154504375,6.2703046798706055
30,0.0066386664919343965,0.006726987173338794,5.465465545654297
35,0.0025337497474876044,0.002498653196715851,7.009633541107178
40,0.0017944235506225951,0.0016810524585334705,7.791130542755127
45,0.0036383013955514046,0.0034437208226951004,8.72873330116272
50,0.002721735739549052,0.0025571441202018215,7.86840295791626