ParamValue,Train MSE,Test MSE, Exec Time
2,0.0013610752669320823,0.0013584334040030572,657.2776720523834
3,0.0011281914613767913,0.0011227900753078787,872.4468574523926
4,0.0010973738368070085,0.001129000503911056,867.320948600769
5,0.0010291020157213535,0.0010892722961685433,1035.5058784484863
6,0.0009869169499308183,1.9651114528236662,1079.3028016090393
7,0.0008899503894927364,6.4733374853602195,1304.7214713096619
8,0.0007685610163974937,5.655274807024503,1517.0111672878265
9,0.0006565678602457114,8.447085279433653,1860.9739866256714
10,0.0005584682427542932,9.083444839505077,2315.484166622162