ParamValue,Train MSE,Test MSE, Exec Time
2,0.0013072852107209652,0.0012572138375445303,831.4436407089233
3,0.0011388004962969572,0.0011216404702782815,850.0562436580658
4,0.0011087794302005235,0.0011139548819498204,909.1528975963593
5,0.0010293564652523535,0.001071365888193773,936.1494371891022
6,0.0009667381076622049,0.0010525127725234747,1082.6677134037018
7,0.0008604744505539193,0.022943881949515122,1259.8927195072174
8,0.0007636469080614223,0.023202992196187676,1559.10000538826
9,0.0006492775793890571,1.235152473252683,1868.44038438797
10,0.0005673719951425359,1.5196683784746936,2302.361942052841