dataset,1,2,3
Train set,0.005059011221394107,0.004663732261910703,0.004608585284775503
Test  set,0.006721385953079394,0.006537914436021217,0.008315260762256074
4.973117113113403,6.076852560043335,7.8559606075286865