ParamValue,Train MSE,Test MSE, Exec Time
10,0.44764060844611364,0.7120134774110101,8.724871158599854
15,0.020798627699102512,0.019134007631246265,3.2826130390167236
20,0.011140520929434409,0.011814504382266298,3.580272674560547
25,0.16253357670706423,0.03606547671580466,4.143260717391968
30,0.043246652152396405,0.04794519770963076,4.986265420913696
35,0.007391568242282262,0.007606433998624206,3.9692752361297607
40,0.009323422919580273,0.011084645642372496,4.353670597076416
45,0.007476781988947918,0.007365615276047846,3.5930025577545166
50,0.01131823936564334,0.02517672940273153,3.7532715797424316