ParamValue,Train MSE,Test MSE, Exec Time
10,0.28658661915335637,0.5471045473758511,8.813697576522827
15,0.10464111961022331,0.07664920391678047,11.323381423950195
20,0.01911524831606698,0.012957120766919168,3.0439915657043457
25,0.007205129217641769,0.004745203045184605,3.287175416946411
30,0.07753403058675865,0.12906193437212604,3.5938239097595215
35,0.02478571003376153,0.012767263346919803,3.731173038482666
40,0.049220195366630935,0.08292051816877954,4.905137538909912
45,0.025096857627046696,0.011119975620044716,4.036930561065674
50,0.012784207707937041,0.011536955205225017,4.169337034225464