ParamValue,Train MSE,Test MSE, Exec Time
10,0.23303394047135312,0.21018224615179532,8.113713026046753
15,0.023666366681652947,0.015575587804495122,3.1855406761169434
20,0.007263135526225523,0.009575803145507544,3.2962162494659424
25,0.020757642205685833,0.02665901369780588,3.5848047733306885
30,0.0088693399611213,0.010147096719154102,3.1030263900756836
35,0.006354679803984954,0.009607909201299385,3.6484549045562744
40,0.008840189147163528,0.012934388665606282,3.4400644302368164
45,0.01954492507542195,0.01897431978894178,4.428582429885864
50,0.0065380413891763115,0.008937294986817614,4.845373868942261