ParamValue,Train MSE,Test MSE, Exec Time
2,0.003457324834492708,0.010809152921356854,14.651007652282715
3,0.0034780161988832888,0.025122129688948808,17.19210696220398
4,0.002660225460216028,0.02233144837409222,29.94955539703369
5,0.002266772216811514,113.33707341292563,41.45503759384155
6,0.0019588432727969327,0.022956945751067517,43.07020926475525
7,0.0021619015593288523,0.009515149475362843,41.82369923591614
8,0.002303352548891713,113.34087838301959,41.30203723907471
9,0.0022172776767725253,0.017664522682907996,40.750805139541626
10,0.0021262514775075543,0.017389453841933716,40.99469065666199