ParamValue,Train MSE,Test MSE, Exec Time
2,0.003641702417667065,0.008133722213816847,13.206475496292114
3,0.003184729379012785,0.010579954441350273,17.556621313095093
4,0.002644095347533276,0.008427793717846398,27.58958673477173
5,0.0021986460344224404,0.007711469642099284,37.53125596046448
6,0.0021436108004938845,0.009208729017653832,39.58215022087097
7,0.002195070023561645,0.008035795140545674,37.63775324821472
8,0.0022210796327648235,0.007285473180214265,37.35768437385559
9,0.0022473695567748935,0.007607996967750175,36.69088673591614
10,0.0022420927856198632,0.008329961146790731,36.54744267463684