ParamValue,Train MSE,Test MSE, Exec Time
2,0.004194528881728888,0.00712237518006781,10.67322063446045
3,0.0033676468133799612,0.011268625880273086,15.7555992603302
4,0.0024628830835374763,0.007961180844554164,26.831405878067017
5,0.002226708534044319,0.02056443784443615,35.841357469558716
6,0.002121445902864768,0.051862249326740203,36.44793248176575
7,0.0021900831836635898,0.012953500442546709,37.4024019241333
8,0.0022174267555238676,0.025181212202477692,37.60949993133545
9,0.001928201025220769,0.024562414309596194,38.282466888427734
10,0.0022220439642313236,0.21027460222454544,36.704848527908325