ParamValue,Train MSE,Test MSE, Exec Time
2,0.004464478789887108,0.004717815628447055,10.7652907371521
3,0.004012054427353089,0.00453653437045023,15.11522889137268
4,0.0029761913320643747,0.005713334813637857,27.32692837715149
5,0.002392369120576536,0.012746628604744422,36.34526085853577
6,0.002284938531590359,0.007387959296665279,39.17286205291748
7,0.002424245943968118,0.012713865808269952,39.5912721157074
8,0.002445693201880815,0.013559431983006744,38.619497299194336
9,0.0023962344427621886,0.013142375660984284,39.71336650848389
10,0.0025474799239478736,0.010363886391267783,38.094470262527466