ParamValue,Train MSE,Test MSE, Exec Time
2,0.003943529307161688,0.008564347355534381,11.09836220741272
3,0.0034585607738809067,0.008299040445755766,15.281522512435913
4,0.0022013292081029603,0.0072613345889647974,28.4737229347229
5,0.0021139680688392892,0.009096631887412623,37.086867809295654
6,0.0022252455577590233,38.457017867679134,35.963308811187744
7,0.0022600118615756946,0.008851859801057758,33.83329510688782
8,0.0021584280524063783,0.00879110829523249,35.530802488327026
9,0.00217896989474979,0.008040113957363109,35.57267713546753
10,0.0019726954741209786,0.008499319889727635,36.675394773483276