ParamValue,Train MSE,Test MSE, Exec Time
2,0.0042592404913444825,0.0046495474741894026,10.668789148330688
3,0.003562883316334584,0.00802798267078473,18.771809101104736
4,0.0027946989550397135,62.57255326041436,25.51364302635193
5,0.002570330741359864,0.008827294997797518,33.78470587730408
6,0.0026997013952130633,0.00848314076255981,32.06488251686096
7,0.0028306240425310285,0.008027784383677588,37.72610592842102
8,0.0023740890329463915,0.011860693828347486,40.5950493812561
9,0.0025008101391784136,62.57249702908421,39.27818036079407
10,0.002676304807171863,0.007878173717142908,37.153982162475586