ParamValue,Train MSE,Test MSE, Exec Time
2,0.004480297750286413,0.004026924055153729,13.46040964126587
3,0.003869555798482845,0.006216152380771099,16.58678102493286
4,0.002921592562291589,77.02313637378836,25.214400053024292
5,0.00225942984900707,77.02725249743064,37.506611824035645
6,0.002531430219085611,77.03079583530774,36.12764835357666
7,0.0025710767613920005,77.03986015833237,36.151026487350464
8,0.0024243708074579086,77.03032411903581,37.43291711807251
9,0.0023428615941572454,77.03600282995542,38.68747568130493
10,0.002129423240355943,77.03101005408502,38.37097692489624