ParamValue,Train MSE,Test MSE, Exec Time
2,0.003944206219420211,0.006322206754572665,10.866200923919678
3,0.0038481564007200085,0.006518712420163762,15.58169937133789
4,0.0023070841780927797,0.024346309342288968,29.684234857559204
5,0.0022639003695780775,1099.9654918533358,36.804155588150024
6,0.002164686601314931,1099.9660648158194,37.18714213371277
7,0.00218974803491426,0.01329690642655731,36.041818141937256
8,0.0021870737308368523,1099.966023002196,36.76489472389221
9,0.001882247712235153,71.02940406327149,39.08840775489807
10,0.002192914670435796,1099.9658784952326,37.528624296188354