ParamValue,Train MSE,Test MSE, Exec Time
2,0.0037880977079817932,0.008205938973448543,15.32676649093628
3,0.003506642248728459,0.008823264167896387,15.338594198226929
4,0.0025224926823129365,0.007030664757982324,25.839184522628784
5,0.001952763087403014,0.009861005438077474,34.07913041114807
6,0.002006920796558949,0.0097444434801313,36.54706120491028
7,0.002048188620431382,0.009376737637766138,36.477365255355835
8,0.0018362391486885462,0.01211126979768265,39.63636755943298
9,0.0020493787561718553,0.00858020366773164,36.49182415008545
10,0.0018150820376717205,0.009820923361221952,38.55217146873474