ParamValue,Train MSE,Test MSE, Exec Time
2,0.0037900213033565553,0.007225711571262179,14.77991795539856
3,0.003484911967262463,0.007898505975421117,16.98661494255066
4,0.0026343124135420866,0.008064702970255239,27.976319789886475
5,0.0019772168781448402,38.36554905735914,38.60330414772034
6,0.0019765905124434807,0.007877718629029473,37.78558588027954
7,0.002225933961340977,38.36463618928448,38.76183080673218
8,0.00208945105085172,0.006448906934674623,37.875868797302246
9,0.0018574677736837774,0.007290388162868845,40.376261711120605
10,0.0021119698362040066,0.007319571500579064,37.922112226486206