dataset,1,2,3
Train set,0.006859225165684901,0.003561479746223329,0.0028856439033466278
Test  set,0.006881388978050289,0.00346063007813394,0.00281599530099791
73.4180703163147,117.02474284172058,596.5952174663544