dataset,1,2,3
Train set,0.006885550478781227,0.002803743082198465,0.003472490693627674
Test  set,0.006780987698431535,0.0027521833677324895,0.0034697317551272435
56.97382402420044,123.79193544387817,1246.48508477211