ParamValue,Train MSE,Test MSE, Exec Time
10,0.01701871374325649,0.01701413195011431,7.503080368041992
15,0.04481809746309445,0.04530990488135399,3.48834228515625
20,0.017082181199601955,0.017110329629074723,4.7087883949279785
25,0.011224133035521916,0.011396484053867603,4.992832660675049
30,0.008559386565019509,0.00851824317578008,5.067106485366821
35,0.008556301249769284,0.008570081501108695,5.406091928482056
40,0.00990384272296536,0.009753188811415004,3.743213653564453
45,0.010230631496304732,0.010271767735207318,5.196639776229858
50,0.011101092061260144,0.01109632399138264,4.891205072402954