ParamValue,Train MSE,Test MSE, Exec Time
10,0.04390328769787273,0.044096574831897044,9.071269273757935
15,0.017507684353095094,0.016921922890555705,5.808525085449219
20,0.043224639389571065,0.042995218681410284,5.617514371871948
25,0.04131388755338884,0.041011704623519135,5.185756206512451
30,0.008987293072604308,0.008850453843370727,6.698057413101196
35,0.0146105035745214,0.01489512983809757,6.143913745880127
40,0.010233471737870562,0.009868641864536145,6.2576518058776855
45,0.007103405581569158,0.007027091734317152,6.337562322616577
50,0.0032959167766150425,0.0032572893963067557,6.437359809875488