ParamValue,Train MSE,Test MSE, Exec Time
2,0.003530477929430945,0.0035687163282361,533.7583663463593
3,0.0017061750041781924,0.001731378725284588,774.8774306774139
4,0.0011202561413008307,0.0011221505823545475,893.8066475391388
5,0.0011858712127941577,0.001201080680437863,1036.9738776683807
6,0.001327369688037506,0.0014012587802366098,1140.1895680427551