ParamValue,Train MSE,Test MSE, Exec Time
2,0.0027910304872959444,0.0028662484603602257,590.7729072570801
3,0.0015404467798083214,0.0015629351488141328,860.0135912895203
4,0.0011779883646149483,0.0011961306855951608,1024.8804907798767
5,0.0012023237432479464,0.0012344450063734489,1143.8568623065948
6,0.0012490209416425925,0.0013054753903340862,1293.8688380718231