ParamValue,Train MSE,Test MSE, Exec Time
2,0.0027865966592467927,0.002701973876675618,625.3790187835693
3,0.0016762127342849814,0.0016118175161392869,848.8507597446442
4,0.0017167575238824899,0.0017008089710119246,1008.2575514316559
5,0.0012115945724277871,0.0011750241354282246,1145.7975978851318
6,0.0012292427091207074,0.0012243201840692493,1286.9906072616577