ParamValue,Train MSE,Test MSE, Exec Time
2,0.0027887541063510795,0.0028276850943100397,611.6387047767639
3,0.0017910295486324996,0.001833866798998135,860.9469935894012
4,0.001160804507565552,0.0011549780786410167,1028.0288503170013
5,0.0013719996918713695,0.0013914992393056684,1179.7338376045227
6,0.0011492268422587531,0.0011896327471498608,1311.133066892624