ParamValue,Train MSE,Test MSE
1,0.001548082266122839,0.001587386895693043
2,0.0012379019063069507,0.0012447064412558035
3,0.001243703787376506,0.001237175161570071
4,0.0011549670983460048,0.0011489621115684475
5,0.0011484127036924037,0.0011416237528613362
6,0.0011534438876368508,0.0011519869853912354
7,0.001164216295153573,0.0011644713989734947
8,0.0011203728962571342,0.0011217786411842395
9,0.001129031927288957,0.0011252609308668746