ParamValue,Train MSE,Test MSE
1,0.0013943821551311978,0.0014665302767522118
2,0.0011915366070896103,0.0012275170063639977
3,0.0012613504032016765,0.0012899877406495678
4,0.0012703698333124116,0.0013018445387328328
5,0.0012138996718217008,0.0012450135687783759
6,0.001184078307055163,0.0012073996593601106
7,0.0011372904302190932,0.0011581300168943458
8,0.0011502920098768216,0.0011747829717656945
9,0.0011408218533727934,0.001163938925422862