ParamValue,Train MSE,Test MSE
1,0.0020895934240558315,0.002180723572009221
2,0.0016248659683200464,0.0016957265702209103
3,0.0014636581253596934,0.0015304955094134509
4,0.001446798629591276,0.001509904792848489
5,0.0013100627507507806,0.001367945472452874
6,0.001305065360086462,0.0013634808786932003
7,0.0013201806620636873,0.0013779844978833186
8,0.0012983028878642154,0.0013583141128831588
9,0.0012986489869739062,0.0013542444128407751