ParamValue,Train MSE,Test MSE
1,0.0013341471234713355,0.0013666226321960688
2,0.0012729670438181304,0.0013049978870999573
3,0.0011492131090629046,0.0011843303101102274
4,0.0011358618938400243,0.0011671702175080425
5,0.0010880211469980149,0.0011197920742194224
6,0.0010900451437865777,0.0011213891029252716
7,0.0010926554542710918,0.0011257085724995172
8,0.0010750371765251452,0.0011066835308522274
9,0.0010877954568936589,0.0011183872144853778