ParamValue,Train MSE,Test MSE
1,0.0014719157201037167,0.0015034386504743048
2,0.0014319341078025776,0.0015626854713762983
3,0.001379934480820287,0.0014540933933336931
4,0.001305861689551581,0.0013575845889870057
5,0.0012744844771410712,0.00131931473207311
6,0.0012160430107822483,0.0012421203544497016
7,0.0012057753360602034,0.0012278530493193703
8,0.0012337239803456353,0.0012510020863957844
9,0.0012029211677808862,0.0012209892934059708