ParamValue,Train MSE,Test MSE
1,0.001383595475341884,0.0014610992310481216
2,0.001347593689299104,0.0013900233411494392
3,0.0011641791154333142,0.0011936160456216054
4,0.0012460431360135187,0.001269723026804011
5,0.0012436244382143388,0.0012672048120261523
6,0.0012575284050484945,0.0012778240084226505
7,0.0012442794374764251,0.0012671976034508419
8,0.0012350612044326082,0.001253172234455829
9,0.001210959905112274,0.0012298863344647106