ParamValue,Train MSE,Test MSE
1,0.0018294253316925861,0.0018559182619812468
2,0.001375262876185662,0.0013965800729712793
3,0.001225851913805049,0.0012323272224220108
4,0.0012380602676004863,0.0012425115314671318
5,0.0012342259279308702,0.0012400882752555589
6,0.001216832948651022,0.0012248971383334946
7,0.0011861469151965935,0.0011910470687389236
8,0.0011623693517621766,0.0011663436767753133
9,0.001160281354968208,0.0011662308135436104