ParamValue,Train MSE,Test MSE
1,0.001431235115617026,0.0014262885340504967
2,0.0016086834108084154,0.0015930600463174567
3,0.0014092976126326687,0.0013872115187425146
4,0.0012774334702705503,0.001260488220711271
5,0.001235314721886576,0.0012329470044955887
6,0.0012454292399620627,0.00123824504870468
7,0.001209060391364669,0.0012043223805918064
8,0.0011978563567954686,0.0011953716451745245
9,0.0011895431557107806,0.001184320420980864