ParamValue,Train MSE,Test MSE
1,0.0012649939973808845,0.00130862228039807
2,0.001538006283383928,0.0015720335095741936
3,0.0012596765678267812,0.001302629114353974
4,0.001297502647430462,0.0013427305723501303
5,0.0012201849214516505,0.001269519732599308
6,0.0012591739840597754,0.0013061727944820832
7,0.0012376121660268773,0.0012837205985713634
8,0.0012246674604030582,0.001273410692433404
9,0.00118333436721128,0.00123303686635351