ParamValue,Train MSE,Test MSE
1,0.0011543496714973135,0.001189727476321231
2,0.0013899518473935134,0.0014430771509550944
3,0.001302173132632779,0.0013592186618510093
4,0.0012016438829306644,0.001269930251010747
5,0.0012221407096021499,0.0012931462434672514
6,0.0012073531850072595,0.0012685760435187157
7,0.001228907821198203,0.0012990459612546351
8,0.0012059973975446447,0.0012726952204760314
9,0.0012002661541166452,0.0012632287537823212