ParamValue,Train MSE,Test MSE
1,0.0016856826670239458,0.0017452324244812021
2,0.001515227282668542,0.0015608997152562084
3,0.0012334857617431032,0.0012739388659787308
4,0.0011882913371100484,0.0012223624634968464
5,0.001161731174706772,0.0012008980141682446
6,0.0011613041055808459,0.0012004540549432426
7,0.0011407493308078528,0.0011801007178860992
8,0.0011548699572210832,0.0011891783495163578
9,0.0011230428570183628,0.0011559439452715956