ParamValue,Train MSE,Test MSE
1,0.00119139752937172,0.0012700475179727752
2,0.0012529764162348739,0.0013730265613965933
3,0.0012741637561746492,0.0013780252034773877
4,0.0011983517261092902,0.0012858884555413288
5,0.0012050848937610167,0.0012919405652341198
6,0.0012062953637773466,0.0012943317845333646
7,0.001175315984134905,0.0012561958972655504
8,0.0012035435892799712,0.0012818175746573133
9,0.0011980403000966414,0.0012736093775744797