ParamValue,Train MSE,Test MSE
1,0.0014091046215916737,0.0014199014097328474
2,0.0011432457301801078,0.0011536759979564471
3,0.0011491648860093764,0.0011557299824441199
4,0.001175243071216813,0.0011861506136394881
5,0.0011618683077800878,0.0011655298628345594
6,0.001159015097467819,0.0011687460929326805
7,0.0011593436373883294,0.0011700661710270734
8,0.001139049165070186,0.001150308664704648
9,0.001145313354983307,0.00115866529231122