dataset,1,2,3
Train set,0.006899333844797667,0.0028353225826183793,0.0031112932485651106
Test  set,0.006722381134757862,0.0026553095747959927,0.002984797295424143
72.37826490402222,130.37091302871704,385.92386174201965