dataset,1,2,3
Train set,0.0068513532168718565,0.0027881119318416913,0.002347996316815654
Test  set,0.006920688932279179,0.002812716335546297,0.002386302715849196
81.8933048248291,124.56593108177185,1336.2628197669983