ParamValue,Train MSE,Test MSE, Exec Time
2,0.002809435205610252,0.0028012936802576977,637.1740531921387
3,0.001972507484783346,0.002015149130278693,899.9271605014801
4,0.0017191190051860264,0.0016916029328702192,1056.4973571300507
5,0.0011623793914771645,0.0011472287726763547,1186.2514505386353
6,0.0012931143199088402,0.001302924027201143,1342.6837136745453