ParamValue,Train MSE,Test MSE, Exec Time
2,0.003370911763794437,0.003399556661810983,554.1800971031189
3,0.0018197819390534374,0.0017971910113163917,901.1808228492737
4,0.0016310290798530389,0.0016109313938107094,1065.178410768509
5,0.0012377284620217525,0.0012382800619123763,1168.5350041389465
6,0.0011727337937774555,0.0011895834389777983,1315.6062116622925