dataset,1,2,3
Train set,0.005316750770877641,0.004970593601815116,0.004960436278112195
Test  set,0.004912703481079247,0.004822606997043326,0.005049666518587429
5.840273857116699,5.968720197677612,6.257057428359985