dataset,1,2,3
Train set,0.004837374859708293,0.004523157941338483,0.004430991033941345
Test  set,0.007284655947096418,0.007164318580627214,0.006900256793471096
5.375806570053101,5.5721869468688965,8.706119298934937