ParamValue,Train MSE,Test MSE, Exec Time
10,0.2538710644848967,0.030637761849583275,7.4500768184661865
15,0.12350099689396772,0.15640645124842195,2.7769792079925537
20,0.026776358170504746,0.021783971323706845,4.119449615478516
25,0.014812156135956987,0.005790227904990744,3.647615909576416
30,0.017572971881081374,0.006975113969073524,3.7953603267669678
35,0.006983790633204861,0.005308284907131312,3.558279275894165
40,0.00814415908306445,0.005028946670106544,3.724027156829834
45,0.014871473778358148,0.0049062545329254265,4.618595123291016
50,0.010707982177031294,0.0062039633690795385,4.5856475830078125