ParamValue,Train MSE,Test MSE, Exec Time
10,0.0343110602287077,0.020312474794270396,8.054113388061523
15,0.011366688382821859,0.01974421065000644,3.4681568145751953
20,0.011460841986976101,0.011860041501805979,3.227382183074951
25,0.013856837260689014,0.013859474942698279,3.9743120670318604
30,0.014216944594556365,0.011334297300587952,3.3347177505493164
35,0.007313943275764448,0.009276240277719549,3.2062978744506836
40,0.02422781912599496,0.01893264291618444,4.243093252182007
45,0.007641090977855226,0.007730180676332742,3.6953234672546387
50,0.007602799518611951,0.010081893401093169,5.127736806869507