ParamValue,Train MSE,Test MSE, Exec Time
2,0.004307722466480257,0.005417477108338776,10.162109375
3,0.003268838018097281,0.008039723361362971,17.749595403671265
4,0.0028682047431280587,0.005965497106136694,26.728665113449097
5,0.0025043328510037273,0.015301857419666345,35.17377996444702
6,0.00220586589706857,0.017076722715322443,40.578444719314575