ParamValue,Train MSE,Test MSE, Exec Time
2,0.004213343907732495,0.005597368038545181,13.647780656814575
3,0.0037295071664170737,0.008492664751035073,15.537443161010742
4,0.0024889295694339075,0.006081018242435801,27.508817434310913
5,0.002155002274909053,0.0080916864327068,38.392998933792114
6,0.002190417347109994,0.0087855609111118,37.872913122177124