ParamValue,Train MSE,Test MSE, Exec Time
2,0.004135360023824715,0.008025623049554937,11.685123682022095
3,0.003311750387012036,0.00904771360274655,15.377674102783203
4,0.002403020626909044,0.009092521444966072,28.576537609100342
5,0.0022731388675129864,0.010740121949294594,34.86290383338928
6,0.0022401060328978996,0.011887937097245147,37.75073504447937