ParamValue,Train MSE,Test MSE, Exec Time
2,0.0038846503874937818,0.008826949873933385,10.96906304359436
3,0.003308389310299179,0.00909611210320317,15.532005786895752
4,0.0027131220768271997,0.007906899056476766,24.790014505386353
5,0.0021827769706438543,0.010417342292606114,32.83876037597656
6,0.0018875616741010637,0.009139414002201546,35.53005790710449