dataset,1,2,3
Train set,0.01811552402897245,0.010188540279515212,0.010244397189050205
Test  set,0.01414812903519381,0.008414020048621929,0.010757011876603887
10.949282169342041,13.511759996414185,14.018028497695923