ParamValue,Train MSE,Test MSE, Exec Time
10,0.31757436476373685,0.2716432716207449,16.234859228134155
15,0.03640799586729913,0.030686273300742323,8.98435091972351
20,0.05889742514762782,0.05617885668400563,9.626469850540161
25,0.018048742213974355,0.011902146228954483,8.1452796459198
30,0.15928758877252466,0.021685798161164775,12.139899253845215
35,0.04107521240310693,0.01372539122294605,11.452054977416992
40,0.020866971635842484,0.02763937978499517,11.271934509277344
45,0.03563377819949443,0.023272168105645797,11.662824630737305
50,0.2808345985783965,0.014494859446875617,11.497545719146729