ParamValue,Train MSE,Test MSE, Exec Time
10,2748.3108170049586,522.2903982951011,21.974984884262085
15,0.23817737812464315,0.1570965313704532,9.61993408203125
20,0.04659798945787198,0.03168895919865972,7.337538242340088
25,0.03953694991753774,0.03910324260588602,10.007608413696289
30,0.026203675301780065,0.015156392425483375,12.035130739212036
35,0.04254775133363124,0.07021243668494243,10.095044612884521
40,0.02668179888095336,0.03712466748248076,10.246052265167236
45,0.014499751520432973,0.007608906138862583,11.488924741744995
50,0.18198092848562172,0.09901755474630794,9.756591796875