ParamValue,Train MSE,Test MSE, Exec Time
2,0.0060212876075868005,0.0035340910257170995,7.842837333679199
3,0.0062796619504631055,0.007037732066663374,13.076786279678345
4,0.007325540461971091,0.008678322896384679,16.88161587715149
5,0.006255719479845956,0.006965671608529918,16.048953533172607
6,0.006224141723503067,0.007387906700316917,15.886486053466797
7,0.006245859666417315,0.007430586600412026,15.821827173233032
8,0.0062136278566210035,0.0074991843065028395,16.575166940689087
9,0.006220148739143155,0.007375489264403697,15.954593420028687
10,0.006331421065772512,0.007557649537260216,16.43619728088379