dataset,1,2,3
Train set,0.0005824678999227258,0.0004146496714773354,0.0003128439301765817
Test  set,0.0005574435425345338,0.0003995308933085703,0.0003088456198571332
83.91836261749268,100.10999417304993,868.6969456672668