dataset,1,2,3
Train set,0.0004215356307720638,0.00029723102722466633,0.00011545289777672203
Test  set,0.00043575606634763093,0.00030938450685319847,0.00012064135793921425
96.5049638748169,107.50760698318481,833.6767439842224