dataset,1,2,3
Train set,0.0004692261111513629,0.00020609359838271235,0.0006055596839626039
Test  set,0.00046453106573395323,0.00020166981390826855,0.0006112370530676668
135.22340512275696,115.2265031337738,546.987188577652