dataset,1,2,3
Train set,0.00038399013428146227,8.479296098200259e-05,0.00013896129869678443
Test  set,0.00038711549682378605,8.633248766082824e-05,0.00014123770686853132
82.56048512458801,138.51363158226013,865.2324464321136