ParamValue,Train MSE,Test MSE, Exec Time
2,0.00010515860400741486,0.00010782291911425244,549.290563583374
3,1.0531946321346032e-05,9.744589033777415e-06,842.1442658901215
4,2.408511714480896e-06,3.557304990839612e-06,967.318169593811
5,2.194068267313311e-06,3.284641942481821e-06,1059.8241891860962
6,4.845611260811214e-07,1.8471717255824937e-06,1180.0431537628174