ParamValue,Train MSE,Test MSE, Exec Time
2,0.00013451560328601626,0.000132530543777245,625.258519411087
3,1.3285554659491599e-05,1.3398948677384326e-05,836.4649016857147
4,2.0092432568830475e-06,2.0456581428612514e-06,979.4066467285156
5,7.392639672645228e-07,9.710305415277683e-07,1084.9310133457184
6,3.5210685542219713e-07,4.560259936853332e-07,1156.1483778953552