ParamValue,Train MSE,Test MSE, Exec Time
2,0.00010544768666832961,0.00010805106169298607,476.36848616600037
3,4.837244669368648e-06,5.447512187068844e-06,641.1398935317993
4,2.1251118404149178e-06,2.55222342066563e-06,757.6119692325592
5,1.0938388533934913e-06,1.3633888984300616e-06,872.7043154239655
6,4.5589253180473563e-07,5.342968726146322e-07,998.9215996265411