ParamValue,Train MSE,Test MSE, Exec Time
2,8.523529647787008e-05,8.268432099173801e-05,576.9970924854279
3,5.573877555610017e-06,5.240799442644849e-06,873.1398587226868
4,4.571153652967131e-06,3.832607270163812e-06,975.9001200199127
5,1.3958447658189493e-06,1.2677047515137555e-06,1066.6650326251984
6,2.6713222430901954e-07,2.512068347995643e-07,1195.1721062660217