dataset,1,2,3
Train set,0.0012247611838260605,0.0006401504913584795,0.0008582913222449322
Test  set,0.0008985068952627307,0.0023022944957809084,0.0010181254898914238
3.89892840385437,6.440213918685913,10.773016452789307