dataset,1,2,3
Train set,0.0008367592367483017,0.0006250827784394664,0.0006520054985265123
Test  set,0.008972258753807813,0.048176141712673204,0.011485244430900907
5.519673824310303,5.8017661571502686,6.647263050079346