dataset,1,2,3
Train set,0.0009314922700694989,0.000584358152750499,0.0007721421870969922
Test  set,0.001651441081459392,0.03868367271550452,0.0010938125474749016
4.666807413101196,5.913347005844116,7.157848358154297