dataset,1,2,3
Train set,0.00044477203440741286,0.00046842905258324296,0.000560807716832049
Test  set,0.01306006555551733,0.013122759353778374,0.045642565755402945
4.738282680511475,5.5653815269470215,7.5525429248809814