ParamValue,Train MSE,Test MSE, Exec Time
2,0.0005115839080119308,0.004539700951159913,8.034911870956421
3,0.0005819370349956863,0.0013599543154648413,9.464017629623413
4,0.0003932044918354346,0.005523669226988127,11.971052408218384
5,0.00041215139253217466,0.006384273550171276,16.89817500114441
6,0.0004180319350102693,0.006289644890445514,16.763118982315063
7,0.0003708829483519342,0.005788921238403333,16.699995756149292
8,0.0004593423950385853,0.0029730348604760704,16.573079109191895
9,0.0005506895429006628,0.0016795154861031357,16.46593713760376
10,0.0003767634908300288,0.005694292616073749,17.479835510253906