ParamValue,Train MSE,Test MSE, Exec Time
2,0.0006386676567121227,0.009849094175438052,7.593670606613159
3,0.0006480573864591592,0.0036408299012586592,10.977926969528198
4,0.0005990676051525654,0.0017184803484257942,12.695058107376099
5,0.0005968844441797661,0.017774519200822993,18.01990008354187
6,0.0006392279246260612,0.003588208836350419,20.78075885772705
7,0.0005921855162695714,0.012357652294466927,20.971880197525024
8,0.0005562361120267315,0.01097840417006141,21.763984203338623
9,0.0005740830680871751,0.0017447744190254096,21.25105929374695
10,0.0006149906820469073,0.00336006704371185,21.304734468460083