ParamValue,Train MSE,Test MSE, Exec Time
2,0.0006727867697857916,0.0014969076979148804,8.375516176223755
3,0.0005734639839931444,0.0026318066545335203,11.480345010757446
4,0.0006129235499404324,0.001569822553156799,14.393172979354858
5,0.0007406442813034221,0.003449696809915213,19.224726676940918
6,0.0006057671715185171,0.0032513758841789023,18.68808937072754
7,0.0007697680944255426,0.0034550689115118148,18.554315328598022
8,0.0007718627188170479,0.0033251763351237426,19.01723885536194
9,0.0005973423921658101,0.004870952964007326,18.811142921447754
10,0.0006027713001284764,0.004881831178120051,19.30071783065796