ParamValue,Train MSE,Test MSE, Exec Time
2,0.0006759933510492517,0.006234653874892628,7.834964036941528
3,0.0005321807604276178,0.002839028763870356,10.706243515014648
4,0.0005188460681125157,0.004265901053732109,13.815655946731567
5,0.000610369353774084,0.003618520450919351,17.816903591156006
6,0.0006144030351092722,0.006213543119800541,17.46734380722046
7,0.0006169446050500591,0.006208875429907229,17.541586875915527
8,0.0005738023154648793,0.0043110961949416144,18.163402318954468
9,0.0007678924836667578,0.0036741742304212776,17.766709327697754
10,0.0005747020390816241,0.004297019663399035,17.719726085662842