dataset,1,2,3
Train set,0.059172448162884896,0.0573970395987675,0.05884817462786768
Test  set,0.05878970430999561,0.057047101984364294,0.05866222380254304
157.3354730606079,332.20523166656494,1045.6504929065704