ParamValue,Train MSE,Test MSE, Exec Time
10,1066.2625669597674,971.9307456897318,8.530984163284302
15,0.1450625004349406,0.1457272144709059,2.9384169578552246
20,7.0701305822035545,5.31908356417239,3.682075262069702
25,263.50570942068066,312.3907793340792,3.7146596908569336
30,0.4019061234462626,0.4197792720825418,3.453341245651245
35,0.22174157263637229,0.2226008679087568,3.373838424682617
40,0.0874265110884451,0.08711703279939587,3.4897749423980713
45,0.07251751058671203,0.07261217714096099,2.6439764499664307
50,0.11352194742245872,0.1219469018464842,3.1519570350646973