ParamValue,Train MSE,Test MSE, Exec Time
10,198.64025637347757,676.0520811641661,10.273323059082031
15,0.10537911589415482,0.10709196008786491,3.263456344604492
20,0.12925188991815645,0.127753396249565,3.1474645137786865
25,20.496993411787543,85.81024952506415,5.2199132442474365
30,0.10655297086011468,0.10759919874397152,3.284391403198242
35,3.8512341200666835,25.927868776521578,3.6839816570281982
40,1.65942650659402,8.581251300661561,4.788730621337891
45,0.08681181827477957,0.08611820845371204,5.2466957569122314
50,0.2530298383650409,0.22166719505963878,5.190425395965576