ParamValue,Train MSE,Test MSE, Exec Time
10,55.05787485296918,58.97328789196542,8.908509969711304
15,0.2526605920347364,0.263451260400444,2.6163406372070312
20,0.1181658151313346,0.11809689217623268,2.930617332458496
25,0.08742089729082929,0.08991964682963124,3.1919238567352295
30,0.3753546879869514,0.3946031980911663,3.4381301403045654
35,0.10181025113616068,0.10544404922120953,3.2769856452941895
40,0.250925847553137,0.2556682950334757,4.167529106140137
45,0.1570093695526803,0.15546205385018527,4.015172719955444
50,0.16438294102291426,0.1591239147015927,3.87992787361145