ParamValue,Train MSE,Test MSE, Exec Time
2,0.05596774352844282,0.056309819269945785,1234.441125869751
3,0.05324041434068113,0.060529241890839185,1800.8194859027863
4,0.05074722799338548,0.11273827323819895,1969.5065846443176
5,0.04808488236992292,0.16862830377164206,2054.590315580368
6,0.04412347109714477,0.618792705291904,2239.399035692215
7,0.04137188811383614,24.28820683889954,2324.3618953227997
8,0.037987135871933406,1.6184846488991365,2481.469005346298
9,0.035233682664857435,796.4514827788963,2775.257714509964
10,0.03190572754205713,108.51597981803616,3204.4861557483673