dataset,1,2,3
Train set,0.05946849422778538,0.05772377519192645,0.05717378670845931
Test  set,0.06009711466834204,0.05801315539412103,0.05732907617832096
176.95616221427917,200.97561359405518,1159.410971403122