dataset,1,2,3
Train set,0.0004071961971324499,0.0002078887986325008,0.00030614985761044026
Test  set,0.0004011390650420771,0.000211295507314943,0.0003074835205653341
78.76200151443481,96.16285443305969,500.8195848464966