ParamValue,Train MSE,Test MSE, Exec Time
2,0.00013248332461243844,0.00012335333628762265,592.0386824607849
3,5.5582763967479455e-06,6.7823809119829635e-06,814.9988613128662
4,3.262473005771319e-06,4.1755104461206455e-06,949.452600479126
5,1.2727687070014016e-06,1.5497849329032911e-06,1067.5474874973297
6,3.6938298647910023e-07,4.81718830055922e-07,1158.1078062057495