ParamValue,Train MSE,Test MSE, Exec Time
2,5.6847491276912326e-05,5.5459649138781165e-05,579.5411055088043
3,7.085235384622235e-06,8.42327624282414e-06,825.377649307251
4,3.0365979959971097e-06,3.37337818336761e-06,966.3617656230927
5,1.3676836994114093e-06,1.4915325983975804e-06,1083.5842983722687
6,2.655933928500829e-07,3.5165936184637155e-07,1186.7453463077545