dataset,1,2,3
Train set,0.019319037433364914,0.019653470394066435,0.020301811456081308
Test  set,0.019684960180177086,0.0203214696313128,0.025442361401965343
56.69964361190796,100.89307022094727,456.7309305667877