ParamValue,Train MSE,Test MSE, Exec Time
10,0.07189725757454747,0.07571872743461763,3.3197109699249268
15,16.45397676851613,15.389923356523607,4.1163694858551025
20,0.8410703079138556,0.886516560157598,4.208951473236084
25,228.9338162962944,264.66456836805213,4.910292387008667
30,0.8547370350543354,0.5131312334559857,5.32127571105957
35,54.865468154435625,22.200447857689674,5.310258865356445
40,7.642197746225503,4.645793944680721,5.929474353790283
45,1.532593856769511,1.6198021986464166,6.507466793060303
50,0.5147595895561123,0.14123521282155843,7.743259906768799