ParamValue,Train MSE,Test MSE, Exec Time
2,0.016905584792476405,0.01823062042347504,182.07880878448486
3,0.016427970349945642,0.017878948329362293,265.9098529815674
4,0.015535193699335653,0.01714944481819612,306.35814332962036
5,0.01428656735857819,0.016792552603042642,391.63077688217163
6,0.012981714009928877,0.015263832399935855,477.9390661716461