ParamValue,Train MSE,Test MSE, Exec Time
2,0.018516627891632637,0.017446945892615532,165.5199682712555
3,0.016748285394714617,0.015038450781535092,252.20521545410156
4,0.016109968046170077,0.025943195027917938,337.664883852005
5,0.014856589718158881,0.027942261955918625,377.08882236480713
6,0.01312502790565669,0.05517311412592809,485.2521872520447