dataset,1,2,3
Train set,0.005819864509327569,0.0056828726181463165,0.0056231438965135515
Test  set,0.00672824080632198,0.006253060829924941,0.006584532827860343
14.946239948272705,23.41744303703308,112.69061160087585