dataset,1,2,3
Train set,0.005979540002595232,0.005707862958237919,0.005980769630288198
Test  set,0.006104684105907728,0.005811171999232782,0.005980351686899986
15.994549989700317,17.769170999526978,58.20761013031006