dataset,1,2,3
Train set,0.005854583990136585,0.005720885212676718,0.0057872889764520735
Test  set,0.006294622534823723,0.006151246319261127,0.006301213412135349
11.903094291687012,18.7900710105896,79.31185150146484