ParamValue,Train MSE,Test MSE, Exec Time
2,0.005542369978537275,0.0057751406754208475,30.643642902374268
3,0.005416454408005353,0.005656981357721388,41.38912916183472
4,0.005204483883811496,0.00634150435407732,57.001827239990234
5,0.004992647081185245,0.006916165713737299,86.65285229682922
6,0.00453125634122468,0.006834847083964778,128.45063853263855
7,0.004135657512142465,0.008041460406955988,175.14735651016235
8,0.0036676709224011867,0.009203450150754976,225.83011984825134
9,0.003249831447612472,0.009434791071899661,288.98196148872375
10,0.0029765884106622152,0.011535218464432779,341.8382103443146