ParamValue,Train MSE,Test MSE, Exec Time
2,0.005596435554339064,0.00529326997000232,30.396445274353027
3,0.005532120430364015,0.0052341326926477385,40.146899461746216
4,0.00526745666884996,0.006391046475905602,56.04339528083801
5,0.005063501223206599,0.006295528274594043,82.75051736831665
6,0.004685202124282722,0.007275594610556787,119.90903377532959
7,0.004394114864067899,0.0064905917721215164,172.74274492263794
8,0.003877268293907748,0.008355689559067852,236.5954611301422
9,0.003466630846243463,0.007208693568658788,301.93563866615295
10,0.003023129038089593,0.00836328722414138,367.7912299633026