ParamValue,Train MSE,Test MSE, Exec Time
2,0.005394712590019306,0.01836854782678426,26.733843088150024
3,0.005329420936814468,0.0321444162120344,39.12618637084961
4,0.005083936758096244,0.07111059771264176,55.241899251937866
5,0.004866852067111832,0.006611740999834648,85.74557495117188
6,0.004548007860633371,0.006948706084244176,129.12205815315247
7,0.0040878961598966685,2.5786071759580502,190.06315398216248
8,0.0036317302239825423,0.013468894837696027,298.89442896842957
9,0.0032884274618056077,0.013497377340858926,321.4444365501404
10,0.0029488851977530098,19.15200446552645,353.692538022995