ParamValue,Train MSE,Test MSE, Exec Time
2,0.005587623726794225,0.005818789507740375,28.772268772125244
3,0.005483542309526202,0.005535489170790321,42.20198464393616
4,0.005389385728350919,0.008994156471456552,55.175009965896606
5,0.005085240290338403,8.007721441033649,86.2948808670044
6,0.004762798810885817,0.006253491734452184,128.978102684021
7,0.004178843258673793,0.011686341575041058,185.06462287902832
8,0.0036883336912762812,8.008031202024256,242.43950819969177
9,0.0031938713176949468,0.01606428431934602,316.7899057865143
10,0.003072233509702494,8.018350373253224,359.27013087272644