ParamValue,Train MSE,Test MSE, Exec Time
2,0.005595016274351468,0.005454056835000502,30.19225311279297
3,0.005466611591464869,0.005340484195154641,40.66853451728821
4,0.00530459975868628,0.005763931760207897,61.83527231216431
5,0.005060555932670201,0.006845480495494607,87.05483627319336
6,0.004641415267510223,0.008519585212842675,124.63680362701416
7,0.004021043159853466,0.009764390053631118,190.81390571594238
8,0.0037752363292694845,0.009277979392617146,251.82786774635315
9,0.0031753858403735956,0.011500850419937116,332.8850429058075
10,0.002708770909843202,0.015147901260065696,397.94258069992065