ParamValue,Train MSE,Test MSE, Exec Time
2,0.005484538705096928,0.0058774314066981585,32.1008939743042
3,0.0053380920147193716,0.00566432339589226,42.48612093925476
4,0.005242029240707303,0.005798367704630724,60.73105049133301
5,0.004954470379935696,0.00605894846792581,90.1858971118927
6,0.004549921535371643,0.006750787397021821,136.4579918384552
7,0.004170014016747895,0.0075821279040436795,191.27723169326782
8,0.003733946485061823,0.008945325683398871,289.52579736709595
9,0.003449740883581889,0.010046334059005388,320.79961347579956
10,0.003067524191116316,0.010325918135527341,365.05467796325684