dataset,1,2,3
Train set,0.005883615471634655,0.00576037766395475,0.00584257090623901
Test  set,0.006397869041814564,0.0058774649124358974,0.006112722041051887
14.468824863433838,15.911983966827393,79.43034982681274