ParamValue,Train MSE,Test MSE, Exec Time
2,0.005502317161754394,0.005678487327562368,26.984433889389038
3,0.005423106498055885,0.0127397423979024,39.590303897857666
4,0.005215175631738043,0.006197356444652625,57.3811891078949
5,0.005039480738003268,0.0062112864781975596,84.78525352478027
6,0.004592304422460436,0.006526482334595111,129.22790026664734
7,0.004190838237938663,0.007182212668188528,188.1788239479065
8,0.003750180220925391,0.008156386312811372,256.5296423435211
9,0.003359568420583368,0.008900753463692637,313.12284326553345
10,0.0030516753024336174,0.009297592993927475,368.5047125816345