ParamValue,Train MSE,Test MSE, Exec Time
2,0.005486275921093593,0.005904419993174844,27.420757293701172
3,0.005344011426858466,0.00584273298935948,41.56677174568176
4,0.005157244647196729,0.006950069694119628,57.117878437042236
5,0.005019617811586159,0.005788916354670211,82.10825443267822
6,0.004613013713157402,0.00657112170562169,127.83541131019592
7,0.004174516052583963,0.008187575092723417,185.57041716575623
8,0.0036292168914443096,0.009246325270758854,247.23713731765747
9,0.0032466268531859584,0.01049677436496928,316.04347944259644
10,0.0028843789076355643,0.013248025425597736,379.8369891643524