ParamValue,Train MSE,Test MSE, Exec Time
2,0.005505447098755061,0.005362836397560913,34.6198525428772
3,0.0054058170856462195,0.005553801384305627,39.24653434753418
4,0.005198582322846675,0.005813817414794467,55.38029146194458
5,0.004941159559624572,0.00598456768601404,90.81279063224792
6,0.004667298278491158,0.006454021782993397,131.4609625339508
7,0.004320815588297504,0.006977541796900243,183.97170758247375
8,0.003753900914908538,0.008022714430316684,251.15821409225464
9,0.0031609521946247914,0.010682829683388512,326.53648829460144
10,0.0031396023512845006,0.009370557842604392,369.67444467544556