dataset,1,2,3
Train set,0.007486392227000117,0.007019687670917788,0.006192660112506734
Test  set,0.00683556789723951,0.011192801152764841,0.0046899316489477485
6.792532920837402,16.695716857910156,31.470072984695435