dataset,1,2,3
Train set,0.008602728115327163,0.006477223016446081,0.00559050736801741
Test  set,0.008506275837788865,0.006004812171156188,0.006235055532841178
8.316308498382568,15.702191591262817,30.104467391967773