dataset,1,2,3
Train set,0.007902797401201539,0.007792482625223811,0.006718198832510948
Test  set,0.009684268373685164,0.005350834866316575,0.011794745684476743
9.241270065307617,9.718591690063477,29.53161334991455