dataset,1,2,3
Train set,0.005753595941696003,0.006478151049497265,0.00594485843559917
Test  set,0.009496887657253771,0.008880476704933174,0.010762112978553793
8.755964279174805,10.604673624038696,18.737906217575073