ParamValue,Train MSE,Test MSE, Exec Time
10,0.4535464801874028,0.1445128213894023,13.581225395202637
15,19.684211078204005,8.187410288158956,29.757648229599
20,682.7405341012976,0.3760617464231008,33.24274468421936
25,0.01899212937656732,0.01437384893446055,4.12781548500061
30,0.05914608432090751,0.05384644944690909,4.9678895473480225
35,0.07489585533521596,0.034160099370474185,4.169336795806885
40,0.011836485673709644,0.012434585262837694,5.51593279838562
45,0.011923234584657612,0.014798822036537033,6.54854416847229
50,0.14610900050010792,0.12863318244158514,5.399295091629028