ParamValue,Train MSE,Test MSE, Exec Time
10,0.5283821699534498,2.4348561667080517,11.76509690284729
15,1288.8504267856629,11180.786032276488,22.270864725112915
20,1.7793746664081689,2.3253556155608304,32.12130641937256
25,11621.195616350207,452060.73524023255,172.87129020690918
30,0.013904231597233604,0.017490736535666254,3.850494146347046
35,0.024426360993879247,0.15046312813292012,4.83599853515625
40,0.02753210949903562,0.034097777019664904,5.208992004394531
45,0.013034477024822376,0.025869557656505494,5.22472620010376
50,0.012712988212356913,0.03064648239300144,5.495171546936035