ParamValue,Train MSE,Test MSE, Exec Time
10,0.24697165414442498,0.3299968459869602,29.49654793739319
15,0.2269144087871674,0.2469252300986399,15.666865110397339
20,8.46827444637458,8.199473380996167,132.6110963821411
25,0.7785965957070718,0.18928659055118893,4.416875123977661
30,0.4204111297867978,0.14579764641276982,4.125344276428223
35,0.06645988547206916,0.02536274512664787,4.884321689605713
40,0.04195707886096962,0.023850327462863107,4.696106195449829
45,0.08304090033592124,0.027958474940211992,4.96573805809021
50,0.012309941041480029,0.00822819535178109,4.68695592880249