ParamValue,Train MSE,Test MSE, Exec Time
2,0.003565827347720353,0.006250239918397114,24.93091583251953
3,0.0027864918850621936,0.006260980944135885,27.816580772399902
4,0.0016154284557047694,0.037098904906621516,108.82102108001709
5,0.001342001193713388,0.011567834531301384,51.83592343330383
6,0.0008263230594573116,7.398996595158355,215.93929624557495
7,0.0007199624315645948,0.2170074157157019,140.05523014068604
8,0.0008176373596137398,0.5503667165641851,95.61034941673279
9,0.0008639338728956591,1.7503512717322653,128.7811336517334
10,0.001106634376300422,0.026067833211888693,63.43174171447754