ParamValue,Train MSE,Test MSE, Exec Time
2,0.003987684367300334,0.0047541886715481135,25.207730054855347
3,0.002738439244424807,157.68442916937227,65.54080557823181
4,0.0020767662628435,262.99009784168646,74.17572116851807
5,0.001439406665202829,0.37290829784739404,155.70055985450745
6,0.0010749352526516196,751.0227882658426,298.8687129020691
7,0.0009851433381400112,122.7269701493479,333.7329297065735
8,0.0009099683306580985,1.5390977477710983,268.6211197376251
9,0.0013399599315570393,0.02544975792204287,208.3840548992157
10,0.001009120866346501,51.564389915583234,290.24764943122864