ParamValue,Train MSE,Test MSE, Exec Time
2,0.0034214578289254137,0.007135989937232095,31.41813588142395
3,0.0029401498263193562,0.007243536592479946,29.784815788269043
4,0.0016768910201224946,0.24368128392805252,113.02868127822876
5,0.001375104624711142,2.6115329962885405,140.66476821899414
6,0.0011086295574251395,2.402774477770797,173.39210963249207
7,0.0010244879978894015,195.63323919848736,193.11733841896057
8,0.0010534962914187781,3.693102011163136,168.77535820007324
9,0.001087460295217571,0.12524224814238366,155.88345789909363
10,0.0010637641432442169,0.17810199543721314,198.34155225753784