ParamValue,Train MSE,Test MSE, Exec Time
2,0.003683138945941464,0.007654118635472958,33.05281400680542
3,0.0033508272135189107,0.0074476143694137764,31.80310082435608
4,0.0016803940421203595,0.24249250818321924,103.36477017402649
5,0.0013412201321100486,1.4268617474953733,182.28215837478638
6,0.000789621956005659,0.252572293750627,365.1834673881531
7,0.000670510374349208,62.06334091946421,304.91847705841064
8,0.000719046674020177,0.4541314278076125,289.217116355896
9,0.0008287286365072232,0.8933568479105076,217.93828511238098
10,0.0008647775842973043,5.817581436744429,326.70921993255615