ParamValue,Train MSE,Test MSE, Exec Time
2,0.0032871983769133103,0.004565707301978541,36.22798204421997
3,0.0029166496108477815,0.005154419940812894,26.866848707199097
4,0.0016834460028248882,0.01963860354564416,37.684675455093384
5,0.0013467948893730393,323.2453474851464,54.62528586387634
6,0.001237413264494201,0.21616091933051562,105.67272877693176
7,0.0012855324246586733,0.10877658953055185,91.19190526008606
8,0.0013308204030763077,1.0534876482278503,90.07383275032043
9,0.0011215812377117253,0.02236311590196442,63.41632437705994
10,0.0011684599673790388,0.9921850696211065,143.1716969013214