ParamValue,Train MSE,Test MSE, Exec Time
2,0.003057381303419144,0.005270669175264815,26.424303770065308
3,0.0026024508974012224,0.0076539525257960685,26.479536771774292
4,0.0016888579880026792,0.03967280403982227,67.78921484947205
5,0.0013316177590220438,0.027069477521446526,180.82345032691956
6,0.0007379581219654859,0.24102576164366663,450.12998485565186
7,0.0007950852016849164,0.1750677479971025,554.2577555179596
8,0.0007174040553483374,0.22460962724604916,594.3603162765503
9,0.0007851207463179502,0.10892199754393703,465.82846212387085
10,0.00074572631202237,0.17361484726326593,188.32154393196106