dataset,1,2,3
Train set,0.0068544154524506785,0.0027364734559891454,0.003385110339692857
Test  set,0.006901294694135362,0.0028264018521002732,0.0034369206981073944
71.48445892333984,164.41595602035522,699.2858784198761