dataset,1,2,3
Train set,0.006870208526183787,0.002689208807615988,0.0024947402306741435
Test  set,0.006834175827826559,0.002685653111846354,0.0025120186054280783
69.35667634010315,163.8850977420807,598.4455914497375