dataset,1,2,3
Train set,0.006873653237325523,0.0027926981827143356,0.0027925449767537422
Test  set,0.006830619993485728,0.002797144139868489,0.002813831704652068
70.59123921394348,149.16000485420227,445.6236369609833