ParamValue,Train MSE,Test MSE, Exec Time
10,0.18773535875742395,0.18210862395370617,7.335556745529175
15,0.01915666419301539,0.01923863211833298,3.8460099697113037
20,0.006645407675703922,0.006844599610957986,3.5983684062957764
25,0.009618263919691035,0.00966067700979186,4.888476848602295
30,0.017190438628208432,0.017482648747805547,3.9073996543884277
35,0.0036364788360901375,0.0037067677501632017,4.926045179367065
40,0.011136096465533294,0.011291840183103362,4.100622177124023
45,0.008463765847035145,0.00856718758658952,4.035999059677124
50,0.01985258681154363,0.020425362051194895,4.908745765686035