ParamValue,Train MSE,Test MSE, Exec Time
10,0.22693896442562406,0.22973823231882406,7.287919998168945
15,0.051976765086760315,0.05155432229330919,4.727938175201416
20,0.02023612337646025,0.020064819752855043,3.595463275909424
25,0.013436539459813535,0.01318553867157437,4.542303085327148
30,0.007124413318852343,0.007019047152103737,4.59575629234314
35,0.012929631471232514,0.01286858740857484,4.3943586349487305
40,0.01283400630094266,0.012892644825672307,3.6344871520996094
45,0.0079705714139747,0.007766494799550072,4.875807285308838
50,0.013765953629811523,0.013214067473989993,5.096824884414673