ParamValue,Train MSE,Test MSE, Exec Time
2,0.0027781610787767645,0.0028448122200421745,635.3085978031158
3,0.0015130824114644819,0.0015314217307390782,853.5543155670166
4,0.0013367396757258633,0.0013708300632868228,1044.447226524353
5,0.001122499101877948,0.00114475907554698,1157.4983639717102
6,0.001176507986924963,0.0012277953925679953,1319.93061876297