ParamValue,Train MSE,Test MSE, Exec Time
2,0.0028025914400210284,0.00279523766993197,626.8356466293335
3,0.0016183359687952617,0.00164264546285831,895.7016460895538
4,0.0010068226566433036,0.0010085973757254021,1044.785278081894
5,0.0011840010340166836,0.001206949352928236,1187.5825369358063
6,0.0012509908505839932,0.0012767548389716371,1277.7977178096771