ParamValue,Train MSE,Test MSE, Exec Time
2,0.0028578575796985735,0.002830059151332103,514.4358916282654
3,0.002008119943917366,0.0019828020294181256,696.9506967067719
4,0.001169580096918016,0.0012068855868473908,841.2345354557037
5,0.0012004184120822194,0.0012283117825408777,966.2396490573883
6,0.0011285767188798051,0.0011824669729115806,1085.5812487602234