ParamValue,Train MSE,Test MSE, Exec Time
2,0.0023714832814629725,0.002377285935286633,618.5861060619354
3,0.0014017001940415607,0.00139724602828262,884.0447254180908
4,0.0012096578776826772,0.001236703802912346,1043.7872288227081
5,0.0012318555401443308,0.0012484151878291998,1186.8101167678833
6,0.0011586752487458044,0.0011953553235635591,1335.079173564911