ParamValue,Train MSE,Test MSE, Exec Time
2,0.0023820694886800766,0.002365446770118067,660.2366080284119
3,0.0016083292268026625,0.0016146342141844967,883.9388329982758
4,0.001248979550761339,0.0012818938288826963,1045.164925813675
5,0.0011538082690412798,0.0012072740645402212,1181.2402138710022
6,0.0011313291821967773,0.001200600671385895,1333.6588814258575