dataset,1,2,3
Train set,0.00686280269618946,0.0027993047093599786,0.00282214526109045
Test  set,0.006870461052370139,0.0027715951943289617,0.0029048797151341533
70.68860459327698,124.52093243598938,675.6836566925049