dataset,1,2,3
Train set,0.006860197134867331,0.003269700829544562,0.00512576363055303
Test  set,0.006886339751079532,0.0032669430839889608,0.005179030855438447
64.00723886489868,131.35294151306152,497.8828980922699