dataset,1,2,3
Train set,0.006802379196586252,0.0018070573474005635,0.004237178389219114
Test  set,0.007114489960735047,0.0018481870436797422,0.004358989080690741
87.12635517120361,108.88109183311462,779.9617989063263