ParamValue,Train MSE,Test MSE, Exec Time
10,0.021680705669507406,0.022043140683707153,7.369878053665161
15,0.01690942251238847,0.016968152171252457,4.293473720550537
20,0.025075461219825408,0.025693142425107823,3.9372026920318604
25,0.007963711151718095,0.007757419581894102,4.596036195755005
30,0.012033083414131977,0.012296099008480084,5.0344157218933105
35,0.008129493218122258,0.008274281314990278,5.356446266174316
40,0.017191787243213876,0.017048214927063262,4.8349010944366455
45,0.00739668859866636,0.007517105137761383,5.067197799682617
50,0.005014293005958337,0.004946115471690919,5.425774097442627