dataset,1,2,3
Train set,0.059460472285045696,0.057632208548246994,0.05824514585284458
Test  set,0.05908670915537123,0.05664640805761924,0.057736582884985024
182.88604497909546,271.011305809021,909.0924999713898