dataset,1,2,3
Train set,0.05963513908661315,0.05807488232598744,0.058290308008479216
Test  set,0.05975234494629312,0.058321729710011365,0.05784964837524491
147.0234854221344,230.2678244113922,965.9580059051514