dataset,1,2,3
Train set,0.058395596476353645,0.05790989584936879,0.05887810876129697
Test  set,0.057654197520912186,0.05707099653461084,0.05827837619828698
172.00529527664185,239.80895137786865,971.6956553459167