ParamValue,Train MSE,Test MSE, Exec Time
10,25.962562387277348,7.651813551897902,8.626144170761108
15,0.10616338313542667,0.11067767883915823,2.576369524002075
20,67.49988130542332,27.536571486957875,3.590211868286133
25,0.1450041260724517,0.20335410606104604,2.9350337982177734
30,0.12204506809404211,0.1239567070747316,3.849327325820923
35,25.909077438631183,6.8312481102602,2.873566150665283
40,0.11373478821585507,0.12374790314930591,3.2312698364257812
45,0.07567343556619105,0.0789555337504359,2.873828411102295
50,0.42265896800392155,0.35472946740960937,3.7253258228302