ParamValue,Train MSE,Test MSE, Exec Time
2,0.05541632035655003,0.055764696008428996,642.8162071704865
3,0.05352172098733653,0.058591690451696245,875.7722020149231
4,0.05054106632645571,0.17409878890229932,1047.185132741928
5,0.04833790018554339,0.05353312929046004,1176.4223215579987
6,0.045660141808322,20.93958132356856,1316.818421125412