ParamValue,Train MSE,Test MSE, Exec Time
2,0.05679580884048713,0.05629214762525746,738.9105935096741
3,0.05377625681920077,0.05306447555376823,1077.673245191574
4,0.050861543822289676,0.05090919609704666,1271.1187517642975
5,0.047853323175615574,2.951304090257997,1397.6685497760773
6,0.04499232385480926,1.0987584456577402,1570.2312831878662