ParamValue,Train MSE,Test MSE, Exec Time
2,0.056087764035478965,0.057351564003554525,782.0994024276733
3,0.05346551504058738,0.057979796697043354,1056.8016822338104
4,0.049606246120470356,0.05764062947925524,1284.8970532417297
5,0.04763612162775011,0.43650920837416674,1405.441812992096
6,0.044678881689378246,94.75300237264398,1564.0404515266418