ParamValue,Train MSE,Test MSE, Exec Time
2,0.056009522485097565,0.05695474738497381,717.3310210704803
3,0.05252378585372514,0.053595843629627035,1154.139175415039
4,0.050872723043467086,0.053940617560474365,1294.5195934772491
5,0.0483712600013675,0.05060104917837997,1472.1760513782501
6,0.04590802419457215,0.7135899192501475,1638.7164988517761