ParamValue,Train MSE,Test MSE, Exec Time
2,0.05603865110793352,0.056497601482938406,863.8795297145844
3,0.053006927570081706,0.05339909929679006,1041.971961736679
4,0.0499426361820418,0.06068109795452793,1228.4856762886047
5,0.047745336469870406,0.9538121093201624,1386.2910804748535
6,0.045835882612128245,3.2525041126208523,1523.683884859085