ParamValue,Train MSE,Test MSE, Exec Time
2,0.055761701808456805,0.0552862952832688,831.6616086959839
3,0.05294827132327283,0.06042503898206158,1101.533937215805
4,0.05079752670222108,0.05133727111536044,1256.552621126175
5,0.04789241932828364,0.05313980487502312,1395.2072715759277
6,0.04562879035312591,0.04877697766999499,1553.5735292434692