ParamValue,Train MSE,Test MSE, Exec Time
2,0.05602671035447143,0.05491192076668723,831.5266814231873
3,0.05320220822165445,0.052457657604163994,1132.6614372730255
4,0.05081338836642256,0.05088649533568496,1353.5248277187347
5,0.04930243310392861,0.050081951341455454,1441.5454688072205
6,0.04534218163948193,0.04786859279703967,1596.0961000919342