ParamValue,Train MSE,Test MSE, Exec Time
10,0.07715108799763348,0.0769258933108074,9.46776795387268
15,0.07647144699492987,0.07793316192920224,6.084722280502319
20,0.0664380095451832,0.06777533850872351,5.901544094085693
25,0.0008989865802745076,0.0008144665313306341,5.8783135414123535
30,0.002649307930243008,0.0021599260088777405,5.775883674621582
35,0.0017218245187909265,0.0015215247897439627,6.911746501922607
40,0.0007216392707370972,0.0006893280268203592,7.114497423171997
45,0.0008376617921409266,0.000774365233425184,6.719619274139404
50,0.0010019968809631286,0.0008762361942633983,7.192438840866089