ParamValue,Train MSE,Test MSE, Exec Time
10,0.05628810692166633,0.05638101809765675,8.376900672912598
15,0.06362441865333135,0.06864803750390276,11.976417064666748
20,0.001090890713677427,0.0011319192650969597,5.449148416519165
25,0.03512765652081602,0.0358420729131382,5.209350109100342
30,0.001221990414139836,0.0012719236763824875,5.541102409362793
35,0.0010147954644741364,0.0009818815276870711,4.578590631484985
40,0.0006892664734952492,0.0007500271113494595,4.9304893016815186
45,0.0013545562557901749,0.0015222957976267595,5.768663167953491
50,0.0002821407084372054,0.0002968726373463915,5.751847743988037