ParamValue,Train MSE,Test MSE
1,0.05553759744036158,0.05542313239807503
2,0.1502467147056773,0.05184605536085804
3,0.06616324845388868,0.05311166946650012
4,0.0608100897546956,0.3104158791076931
5,0.05623965582201044,0.273283520586072
6,0.05361732316283742,0.239657210344747
7,0.05230194711120584,0.2152204959911462
8,0.05005383031595341,0.17618152709742657
9,0.04934480975540197,0.14704716423631478