ParamValue,Train MSE,Test MSE
1,0.05280909219659164,0.053454154859206265
2,0.050300969575093495,0.050964568396602614
3,0.04975293163214851,0.05020394157020854
4,0.04954147093391308,0.05009454039000107
5,0.05245497638111155,0.04982110351831824
6,0.0669557554773942,0.12095531222499149
7,0.05613550458098206,0.061898713699780374
8,0.07742148545684346,0.0899918716724503
9,0.07105402736516041,0.07879672597837911