ParamValue,Train MSE,Test MSE
1,3.3468347783491272,1.2195534206141019
2,0.8734304295990039,0.3415729626218574
3,1.2946819105524325,0.5529177681067946
4,0.7551623575999341,0.3455691930549916
5,0.5014084823364052,0.2607283544245265
6,0.36295294313852156,0.19621039735264628
7,0.2892471120326622,0.15138723592926692
8,0.23275702781178134,0.31559388892010176
9,0.19556551428002913,0.2581634287406759