ParamValue,Train MSE,Test MSE
1,0.05234595328381068,0.05257066151441611
2,0.04934488617947193,0.04956941765668049
3,0.048920448399347734,0.049621889859519076
4,0.05164072863235682,0.13641433988901977
5,0.05135475316339882,0.10281623803883412
6,0.05188089948256402,0.3126194825073844
7,0.051023879378218964,0.5187418917424647
8,0.06371041304328799,0.4132953676438219
9,0.07547235308606154,0.3371822071840033