ParamValue,Train MSE,Test MSE
1,113.60879178602778,0.05383277978825164
2,30.599861363591966,0.14129551465225226
3,13.628975093748158,0.0898662314172382
4,7.688266091753673,0.07131126152284004
5,4.937427429572917,0.06262823052290126
6,3.443760093569311,0.057891996934162276
7,2.5325738615734834,0.05488961011080883
8,1.7787716803413587,0.05302260841765494
9,1.4274755395547187,0.0514114031449466