ParamValue,Train MSE,Test MSE
1,0.051598845068827545,14.284387631760218
2,0.0525016786135979,3.5559212891977126
3,0.054034960620943165,1.5902973311120117
4,0.05135737691340695,0.9549302863332583
5,0.050225911855228574,0.6302752607737744
6,0.050472001137088114,0.44002334061808207
7,0.057750546259081596,0.05022801561758242
8,0.05564473688015126,0.05167138577347933
9,0.05415703524700702,0.051276474656546174