ParamValue,Train MSE,Test MSE
1,0.05442351379208794,0.07074961323824454
2,0.050213336681605526,0.05820212606029128
3,0.049728157529813834,0.05324557505403999
4,0.054150988647617596,0.05633384766856924
5,0.05136910509646854,0.0532512802467111
6,0.05053752089080222,0.05375008817368418
7,0.05089295261751529,0.052280746511300595
8,0.05103861587621467,0.0515814190272864
9,0.050487491560037484,0.051075701844124355