ParamValue,Train MSE,Test MSE
1,0.05777366599108689,0.07419670869945365
2,0.07440827209225778,0.05580754706691142
3,0.11449077602252782,0.05159961563573675
4,0.17224989674053995,0.050063465585178796
5,0.12905266725551487,0.049305076463877266
6,0.09356507988146393,0.04835054006973309
7,0.11404076669392384,0.04807815415537904
8,0.09858158825438523,0.04793116430644419
9,0.08871473333399725,0.04778308230770616