ParamValue,Train MSE,Test MSE
1,0.12039803614561873,0.05439214972301848
2,0.06649319056012155,0.049967774009205386
3,0.09409557954235338,0.04862403002417855
4,0.08827248202499674,0.10573617409272246
5,0.07900732009122469,0.08974603448890724
6,0.06975123776731414,0.0770985517551524
7,0.06251434327094363,0.06985718536182414
8,0.1073856370976716,0.16541536811108296
9,0.21880971744904207,0.13781770447196542