ParamValue,Train MSE,Test MSE
1,0.051142309663600394,0.05275205781324867
2,0.05509186001392204,0.05124444312256805
3,0.05133413024646245,0.05047480397445333
4,0.0504249885246643,0.05055575523214457
5,0.04986013155931058,0.05055810954971338
6,0.04959704145783648,0.050042863398585526
7,0.06584471000490477,0.0499229747001309
8,0.06162019609080839,0.049701571721009676
9,0.06478232714349674,0.050958943278519936