ParamValue,Train MSE,Test MSE
1,1.5594529479205272,0.053223754848221796
2,0.4267803937488522,0.05040568060659058
3,0.7244908504306433,0.0497576376284086
4,0.4318782144776777,0.04936377955498646
5,0.2931159489245543,0.049154518255051224
6,0.2217976083008742,0.04910438896086141
7,1.3019316052194758,0.048760724215884066
8,0.9955510548176606,0.048623855305300244
9,0.7961430454814123,0.048449021276680417