ParamValue,Train MSE,Test MSE
1,0.052551456150490845,0.05221104994249651
2,0.05142296671380619,0.05054604685362521
3,0.05103619480904788,0.9708678337421915
4,0.049663255530054636,0.5680976748562216
5,0.05273190612224431,0.36688892555563085
6,0.05142279966563354,0.26737386797272933
7,0.06044685097270666,0.20945523700442595
8,0.05776158278940574,0.1719961048099935
9,0.0555235505585247,0.14601892944348507