ParamValue,Train MSE,Test MSE
1,7.934438822475193,0.05279589099849265
2,2.032819708781863,0.04994378238636531
3,0.9324054553109912,0.04948328756770914
4,0.4736465075757876,0.04925688443474211
5,0.32029909728664135,0.04843267911483111
6,0.23719273697991056,0.04836307401201053
7,0.1877594994399819,0.04837795917923925
8,0.155105050766794,0.04866200747449836
9,0.13129443885877526,0.04880912395030472