ParamValue,Train MSE,Test MSE
1,0.06502454137110089,0.07064154781306801
2,0.053998686525215465,0.061733042411404225
3,0.06385147593925139,0.09254369313616366
4,0.057433711622141205,0.07406781976187496
5,0.05634491914901138,0.06798366911499967
6,0.05387149801974289,0.06221149583663982
7,0.05516836193262072,0.05873098754902938
8,0.05307430933594833,0.060910428260746115
9,0.0510628842139355,0.07946941156811513