ParamValue,Train MSE,Test MSE
1,0.05326402794579783,0.052185317311320284
2,0.05167976555351204,0.04919835051948567
3,0.05006286197928075,0.048761110840272945
4,0.04973816225718143,0.04841087679876639
5,0.04921560689599293,0.04826078138666319
6,0.04976157173511466,0.04826225004021492
7,0.049485356799529874,0.04831598309998611
8,0.04934486423863085,0.04820719580955193
9,0.04897594766730501,0.04805508256948734