ParamValue,Train MSE,Test MSE
1,0.055360461563311786,1.3447734243468572
2,0.05177478485607675,0.3628404344689029
3,0.05031106767882647,0.18933669650081858
4,0.04950464115457534,0.1277185205315007
5,0.04895993009337597,0.09924293240800716
6,0.051268623140508805,0.08401960769991645
7,0.07234933698102217,0.0777882269906172
8,0.12445581584624903,0.05084072585210308
9,0.10834949590990287,0.050288024427065876