dataset,1,2,3
Train set,0.06006336859111841,0.05737415444768278,0.057869216361751095
Test  set,0.05991857910209779,0.0570619907456361,0.057724958829231815
131.14521288871765,254.07504963874817,1230.3657777309418