dataset,1,2,3
Train set,0.06010796576017968,0.05747458160723531,0.058513905949148584
Test  set,0.06064581910591646,0.058005673043359914,0.05895449582950039
148.18748116493225,294.0068624019623,1025.6308989524841