dataset,1,2,3
Train set,0.060275310188181885,0.05802840188975203,0.058588080358881044
Test  set,0.05820300878519888,0.056474450220103244,0.056969474111805356
131.7122824192047,257.28032541275024,865.084454536438