dataset,1,2,3
Train set,0.0600111116865043,0.05751924349884429,0.05847394662002543
Test  set,0.06064046144329172,0.05829290484963622,0.059068332729784165
151.88549160957336,364.6776294708252,797.3023154735565