ParamValue,Train MSE,Test MSE, Exec Time
10,507.2346460704036,123.09080996316457,8.412899494171143
15,0.23061101520397204,0.21748850111208878,2.7804160118103027
20,3.375273996551242,2.0548211783557866,3.9734537601470947
25,3.5727886323692326,0.8982279041967018,3.7409420013427734
30,0.07463432801431209,0.07116895335753079,2.9663782119750977
35,1.4618395802308473,0.427948495397626,3.844447612762451
40,0.08593435458190307,0.08421173418889473,3.2764170169830322
45,0.1259920021680699,0.12441853647522376,4.367808818817139
50,0.08653157469353834,0.08573359909802655,3.3350136280059814