ParamValue,Train MSE,Test MSE, Exec Time
10,21.31896423895197,22.495875202148355,8.837939262390137
15,60.38770715967925,17.29895050262581,4.574082374572754
20,0.3956910400595178,0.3904173800247364,3.302449941635132
25,0.07712195741204571,0.07772892368583248,2.636561632156372
30,0.38842335256234883,0.2659836192638644,3.1689014434814453
35,0.10665434390562338,0.12651506868956072,2.9471933841705322
40,0.1233758253079198,0.12802996648144888,3.2326560020446777
45,9.331203272263618,2.635794268856166,2.916130304336548
50,0.20837123381018727,0.17550487504104323,4.609514474868774