ParamValue,Train MSE,Test MSE, Exec Time
10,6.074542247895847,6.4727011278099145,7.997338056564331
15,241.96851912301156,80.1572721716579,3.827749252319336
20,0.12764848203586987,0.1280684831369199,2.6303772926330566
25,0.22961960429053752,0.21858209890472993,3.3507676124572754
30,8.426504414622698,2.8903092456882544,2.7691922187805176
35,0.09078905288381958,0.09216583551332552,3.3178036212921143
40,0.9099965063963723,0.9282153124758551,4.0354204177856445
45,0.07309497719672117,0.0749455669364919,3.044804811477661
50,0.1722159772885422,0.15952531112561413,3.8852269649505615