ParamValue,Train MSE,Test MSE, Exec Time
2,0.057200720136047066,0.054998144422327935,616.7526986598969
3,0.05315479077895183,0.05148922168514169,881.7442996501923
4,0.05122187289112802,0.050532089458766596,1025.5362586975098
5,0.04845960418726136,0.049839879218095,1175.47221326828
6,0.046132326855264964,1.4036006627347877,1310.6735184192657