ParamValue,Train MSE,Test MSE, Exec Time
2,0.05585794040919544,0.05715642040413431,820.6874742507935
3,0.053985611404323335,0.060587637342175274,1050.9599890708923
4,0.05019967500160465,0.05684717190892981,1281.9610328674316
5,0.04705788881370201,15.827991861729739,1408.053118467331
6,0.04470952428323464,6.274494039421103,1594.6593971252441