ParamValue,Train MSE,Test MSE, Exec Time
2,0.05619412935304956,0.05439532070405406,622.2976989746094
3,0.05295774394523365,0.05885289174560558,860.2925090789795
4,0.05054728967988487,0.09716457178003034,1112.8361504077911
5,0.04790739112706635,0.07362708881396497,1164.4074931144714
6,0.0447715324125996,43.5235711009091,1331.4945900440216