ParamValue,Train MSE,Test MSE, Exec Time
2,0.05578759011167621,0.055536097106442264,807.3359572887421
3,0.05435038499769502,0.054811784243478115,1067.6379623413086
4,0.0499210390506853,0.05089815416348279,1264.4384474754333
5,0.04800478583290642,2.6918403528064694,1433.189126253128
6,0.045233237239364725,19.978189936751416,1589.176373720169