ParamValue,Train MSE,Test MSE, Exec Time
2,0.0554692887949629,0.05488129422797425,636.3521494865417
3,0.052692608679826204,0.05193602541233875,862.6589779853821
4,0.050454190308019904,0.050135664469871395,1005.7206728458405
5,0.04799157288881337,0.04901621361309285,1145.7096536159515
6,0.04547027417072338,0.050756210763757546,1283.734456062317