dataset,1,2,3
Train set,0.0010181303219560702,0.0008845564677163135,0.0006418728599011444
Test  set,0.0014534187765211637,0.0006956023052376126,3.4292225562762852
4.202019214630127,5.353871822357178,7.612934350967407