dataset,1,2,3
Train set,0.0010112263212260063,0.0005825683324462942,0.0008824487402938692
Test  set,0.0014304466201668451,0.0020848313198193616,0.0029741005427075897
4.409770727157593,6.555030345916748,6.471585988998413