dataset,1,2,3
Train set,0.0006670381649548909,0.0006123884755787373,0.000591325136598417
Test  set,0.036827104446786205,0.10802173701600407,0.21211073795043797
4.560849666595459,5.872600317001343,7.5143516063690186