ParamValue,Train MSE,Test MSE, Exec Time
10,0.21959991838650567,0.31399500775016354,3.087268829345703
15,0.03465398227829802,0.26409344643085336,3.0296523571014404
20,0.0026311252716078996,0.022929348705303592,3.803182601928711
25,0.005213887572854861,0.015396458472162386,2.9554336071014404
30,0.0015329730142617484,0.0043064858230417525,3.2511637210845947
35,0.0025559902531401804,0.08057381296556147,3.744873046875
40,0.20223491088615492,0.31318187389101654,2.8930656909942627
45,0.03882288003419319,0.06331026137442478,3.349543333053589
50,0.004656796632482813,0.0018515603895692975,3.2411224842071533