ParamValue,Train MSE,Test MSE, Exec Time
2,0.000590780613904718,0.0019872262303230496,6.680983543395996
3,0.0005224205044951263,0.0022598145562293588,9.231147527694702
4,0.000461369754685632,0.003978705457424543,12.340177774429321
5,0.0004675329985972708,0.003207712940985687,17.785770654678345
6,0.0004848652745109348,0.003078156222253025,17.57378840446472