ParamValue,Train MSE,Test MSE, Exec Time
2,0.0008950524736821414,0.0007650905561432736,7.056968450546265
3,0.0005883696621450507,0.0012290249868967841,11.116302251815796
4,0.0006535777640702018,0.0008179377154805104,13.025394678115845
5,0.0005040419961900153,0.00281432765593911,19.991877555847168
6,0.0005628687042375352,0.00285330020721289,19.695770978927612