ParamValue,Train MSE,Test MSE, Exec Time
2,0.0008829833981173437,0.0008353981020400965,7.550689220428467
3,0.0008242764416669046,0.0013266012073966287,10.531229734420776
4,0.0007042818853226398,0.0010540632579417973,14.249281406402588
5,0.0007297318602922391,0.0007587761457922399,15.451289415359497
6,0.0007983253797173812,0.0013499195081541578,16.38667345046997