ParamValue,Train MSE,Test MSE, Exec Time
2,0.0006442743913678278,0.0017753164495926828,7.399789571762085
3,0.0005989112501438692,0.0018724042133088296,9.993088722229004
4,0.0006364349821164375,0.0019437116450203237,15.629392147064209
5,0.0005802825687182747,0.00219885878391218,21.67735981941223
6,0.0005407021473071224,0.001978827131662779,20.879873752593994