ParamValue,Train MSE,Test MSE, Exec Time
2,0.0008371455959703275,0.0005442983818965975,6.5526509284973145
3,0.00046549507308471966,0.000585529395610494,10.339359998703003
4,0.000659788483364277,0.0008510535679223004,12.689498662948608
5,0.0004231428493420888,0.0006004141582562984,19.559014081954956
6,0.0004301146877606803,0.0006188299812181771,19.101595401763916