ParamValue,Train MSE,Test MSE, Exec Time
10,0.03567755405374909,0.03710909105320819,7.305058479309082
15,0.10145116422317652,0.09895479629037228,3.1849658489227295
20,0.001846150730537364,0.0018442038746915893,3.936060667037964
25,0.0013113037579838614,0.0012907314240344144,4.159434795379639
30,0.0016321876631322184,0.0016507193342284714,3.73268723487854
35,0.0005510783310185784,0.0005664835931974797,4.759205341339111
40,0.002791341309805177,0.002844816195680966,4.704896688461304
45,0.00048826244515951325,0.0005038177452497961,4.693965196609497
50,0.0012090382846081922,0.001217218009684485,4.982482433319092