ParamValue,Train MSE,Test MSE, Exec Time
2,0.00016040350251212345,0.00016660937619933938,577.6125876903534
3,1.1036844739877834e-05,1.072155626433748e-05,822.24507188797
4,1.9186018600348394e-06,2.0121651331089386e-06,960.0727064609528
5,1.4660470623897904e-06,1.5913317625894364e-06,1087.0775513648987
6,7.891122539462566e-07,8.512970926124887e-07,1200.6460163593292