ParamValue,Train MSE,Test MSE, Exec Time
2,8.216328693287472e-05,8.030745567154018e-05,605.5942063331604
3,1.1297592683384044e-05,2.650688376823407e-05,836.8318312168121
4,2.8190240980273037e-06,1.7009390183232054e-05,968.555002450943
5,4.99127878239777e-07,1.4538756794289827e-05,1084.0887033939362
6,2.689541312342785e-07,1.4328993944666997e-05,1168.0229761600494