ParamValue,Train MSE,Test MSE, Exec Time
2,0.00018789629987225304,0.00018986381363004078,575.9151322841644
3,7.302615224383083e-06,7.112087207762786e-06,798.7225756645203
4,2.8801543176445406e-06,2.5451278200992906e-06,931.8353052139282
5,6.355150760554168e-07,6.266220650257962e-07,1061.5227229595184
6,2.795552109473348e-07,2.7561250329608216e-07,1158.1254880428314