dataset,1,2,3
Train set,0.006051322343792482,0.00583021767779885,0.006071959762264277
Test  set,0.006284476813264299,0.006026365433626864,0.0064023714886321925
15.375062942504883,19.809293270111084,38.12714099884033