ParamValue,Train MSE,Test MSE, Exec Time
2,0.005540575648712787,0.0055729961607664255,25.479754209518433
3,0.005435618003443594,0.00539012418267726,39.960182666778564
4,0.005319144786772503,0.005345493541854286,52.593294858932495
5,0.005070148229006505,0.006261060188185039,77.37723231315613
6,0.004655941185169362,0.007891803768716983,120.0823757648468
7,0.004240689294795214,0.038475951353644136,172.2302417755127
8,0.0038263131369347327,0.008951480211223812,224.67444443702698
9,0.003507055120083171,0.03967018586867253,294.7478926181793
10,0.0031310744027169862,0.009684211193688267,348.89311385154724