ParamValue,Train MSE,Test MSE, Exec Time
2,0.005426887739575116,0.005854880989015675,30.572957277297974
3,0.005333789155631273,0.006153049160738328,45.13422656059265
4,0.005184368005162598,0.005998652508684534,60.36737561225891
5,0.00498575975321956,0.006115339459676349,89.07223272323608
6,0.0045582719252970656,0.006532423512910279,124.34615159034729
7,0.004148580261416852,0.008944304255480559,181.76857018470764
8,0.003652163479882149,0.00910104015615339,245.63298654556274
9,0.0032804432084873924,0.11899045118229559,309.2172245979309
10,0.0031739146480928818,0.008671971362187073,347.04092025756836