ParamValue,Train MSE,Test MSE, Exec Time
2,0.005628455763037759,0.005127686606056189,32.16446280479431
3,0.0055245050793758166,0.00524508826523372,38.225701332092285
4,0.005375527061000569,0.005321364888895939,54.466633558273315
5,0.005104917687125022,0.005471882951237187,81.86551332473755
6,0.004710877976860022,0.006596742115642238,119.97583675384521
7,0.004367138255908977,0.007913039554271906,165.54197716712952
8,0.0039253410442214335,0.00825339639094325,228.23448014259338
9,0.0033850324646178304,0.009222840092122264,312.3982849121094
10,0.0030697206991698975,0.00901503757576198,363.99517488479614