dataset,1,2,3
Train set,0.0009726505268092856,0.0008122827691305639,0.000807094454755456
Test  set,0.0016939047363699869,0.0025932009955980796,0.0016743922139529248
4.469085454940796,6.079585313796997,9.254302740097046