dataset,1,2,3
Train set,0.0006965437136274782,0.0003820892479796205,0.0004596052504185781
Test  set,0.004448544037746525,0.01282676457289517,0.03280508085953885
4.550839185714722,5.289964199066162,8.020592212677002