dataset,1,2,3
Train set,0.0010401858346354186,0.0007200669258855009,0.0007524227129198164
Test  set,0.013910329827825127,0.03688812392262095,0.016132225297670458
4.227111101150513,5.437461614608765,6.749167442321777