dataset,1,2,3
Train set,0.0009091019337394377,0.0007126604507520529,0.0007769040611107334
Test  set,0.0027386634225471103,0.057748608493593485,0.040318507041570195
5.063353538513184,5.062474966049194,8.10422658920288