ParamValue,Train MSE,Test MSE, Exec Time
10,0.008304530607503002,0.023317390160483398,2.6947338581085205
15,0.016115136135410976,0.08099138152493437,3.2402875423431396
20,0.12019435906869909,0.3708755090559906,3.874737024307251
25,0.007496395329114464,0.011392821910981779,2.953460931777954
30,0.0062886964178234485,0.03715853968835193,3.00478196144104
35,0.008344239641467634,0.0019780326523263876,3.186414957046509
40,0.009757271794053436,0.023965257199924303,3.25421404838562
45,0.0032184878129874477,0.007947719695166526,3.9798550605773926
50,0.2911989964112588,0.6125642406130806,2.9285809993743896