ParamValue,Train MSE,Test MSE, Exec Time
2,0.0005514026185847929,0.0024353726911436244,8.451978921890259
3,0.0005986047565180411,0.001860126422609945,10.92613434791565
4,0.0007117498586184322,0.002658001114878228,13.811204195022583
5,0.0003736311366219591,0.002088914033737141,20.768320560455322
6,0.0005389715673175002,0.00179094902233501,20.49447727203369
7,0.000494848417439657,0.0028619681528186626,19.009645462036133
8,0.0006528849888102715,0.002484312983254891,19.41969394683838
9,0.0006939245513977794,0.0025358742163991044,19.189577102661133
10,0.0004948137008617409,0.0028622737537913703,18.562968730926514