ParamValue,Train MSE,Test MSE, Exec Time
2,0.0007472502975298381,0.0008606716762746494,8.365463972091675
3,0.0007541379409916702,0.0009381521984868288,11.551398038864136
4,0.0007528231992504437,0.000923489283553053,13.952394008636475
5,0.0007352996425013883,0.0009540936881937235,18.0201153755188
6,0.0007306462067362559,0.0010157726994165178,21.483622312545776
7,0.0007303757324274723,0.0009844589038562714,22.4939923286438
8,0.0007306462067362559,0.0010157726937139364,21.26733946800232
9,0.0007246623824509821,0.001034840626935712,21.554818391799927
10,0.0007246623824509821,0.0010348406210090868,20.721920490264893