ParamValue,Train MSE,Test MSE, Exec Time
2,0.0005208161463991326,0.0022507763638567836,8.205793380737305
3,0.0005100576528024605,0.002325323901009092,10.463903427124023
4,0.0004513708318170398,0.0023857876572432176,13.165596008300781
5,0.00043698626816442545,0.0029494553108923606,18.15497136116028
6,0.00043611928122911487,0.002861608200093375,18.03777241706848
7,0.00045161360483705757,0.0033589784013278285,17.063300371170044
8,0.0004548729805872284,0.0027914176852709676,17.30377769470215
9,0.0004361277877490928,0.0028625546428127976,17.23131513595581
10,0.0004359698015837383,0.00365152296506158,18.219799995422363