ParamValue,Train MSE,Test MSE, Exec Time
2,0.0006414553748546942,0.001934685810121468,7.978060007095337
3,0.0006547131998401202,0.002336979390586045,11.225078105926514
4,0.0007956704006891952,0.0025928457396358507,13.215011358261108
5,0.0004537741908219372,0.0023543938774919664,17.140244960784912
6,0.0005844987573536593,0.0019237718154677414,16.742031574249268
7,0.0005233552735866624,0.006770053096306067,16.92374849319458
8,0.0007976451392423333,0.002612863306587504,17.64753484725952
9,0.0005844987573536592,0.0019237717257462508,16.667118549346924
10,0.0007830046008779632,0.0019813723696662996,16.31263756752014