ParamValue,Train MSE,Test MSE, Exec Time
2,0.0005700735216406002,0.0025749134651156017,7.763513565063477
3,0.0004338510102747555,0.0029865902084963364,10.985196352005005
4,0.0006480406237168658,0.0031650142886604565,17.73555827140808
5,0.00047584268837392473,0.003669415165270355,18.898749351501465
6,0.0005224714594992935,0.002754928073782233,18.754135608673096
7,0.0005036752152406133,0.0026680341776073816,18.908792734146118
8,0.0003671382379541957,0.0036896043201431355,19.6961407661438
9,0.00036830203381511074,0.0036906882500735956,19.373656272888184
10,0.0005043109118406413,0.002661731657562278,19.26078176498413