dataset,1,2,3
Train set,0.01922716409090569,0.01935956454683586,0.018724750373503265
Test  set,0.021065546914924335,0.03348966991040257,0.019982957567979468
63.26215124130249,104.94768905639648,334.10671877861023