dataset,1,2,3
Train set,0.01978947374572912,0.01930973244222416,0.01985020019449493
Test  set,0.02115099762851158,0.02066380532166728,0.021325103929695017
52.56017351150513,85.6912305355072,644.5115122795105