dataset,1,2,3
Train set,0.019458967898829643,0.01894787043922815,0.020459306085066818
Test  set,0.020350812727175684,0.01957746524643791,0.022074426831311923
55.33610486984253,91.35580015182495,288.352196931839