dataset,1,2,3
Train set,0.019683111881872217,0.018572693904894324,0.020392728668615093
Test  set,0.02020672501274407,0.019696274433612666,0.020515475435929194
48.18564701080322,95.82558417320251,272.56640243530273