dataset,1,2,3
Train set,0.01965708397135081,0.01890047537347661,0.02072206202487839
Test  set,0.0196028533882192,0.019042774055591623,0.02103392545142271
61.90632176399231,106.65886640548706,271.3188409805298