ParamValue,Train MSE,Test MSE, Exec Time
10,0.07260365883726691,0.07270536437449171,4.3093650341033936
15,3.9772936755282147,3.219276658009158,3.64717435836792
20,16.65465874795087,7.4814242800779045,4.233464479446411
25,1.6391684284533705,0.22538841618182728,4.54030966758728
30,4.095899193458122,1.9576950822902988,4.869955062866211
35,0.05072406570728232,0.04736386379542714,5.105058431625366
40,1.7375569795275332,1.2785367076654033,6.442348480224609
45,8.771288350094274,2.943166176663746,7.580182313919067
50,28.023453144945364,12.476861929398138,8.545509099960327