ParamValue,Train MSE,Test MSE, Exec Time
10,0.09149309293829277,0.08680797067721509,2.918893575668335
15,7296.323248041449,5367.992708421705,4.4213690757751465
20,0.11644375296466539,0.11188091675680419,3.87772274017334
25,0.5197834981444558,0.3204756256306635,4.304741859436035
30,0.2809433699290098,0.2896585538952428,4.58908486366272
35,0.5845177662131223,0.685901127859342,5.301639556884766
40,0.3813249474075863,0.4088047239982217,5.971642732620239
45,9.118175873847235,11.495450523034387,7.477116584777832
50,3.1050302341007714,3.1408009329021356,7.890344858169556