ParamValue,Train MSE,Test MSE, Exec Time
10,0.13066524931858672,0.13132673220645563,4.630143165588379
15,6.07847493608554,5.209483594634524,3.954284906387329
20,0.05178053403619802,0.04930418408400616,3.4399914741516113
25,675.7262689589818,181.72718974648075,5.068837881088257
30,0.05949815889901108,0.05607743596025053,4.7704222202301025
35,0.21319322675755856,0.2391162238776325,5.422914981842041
40,62.018665638574724,36.20884501969685,5.800782918930054
45,0.3387625119787985,0.2890355936085505,6.92533278465271
50,1.0089156123665657,0.6586716615996651,7.270380973815918