ParamValue,Train MSE,Test MSE, Exec Time
2,0.017302884886674866,0.01601694312919713,187.0615041255951
3,0.017094901689060162,0.016000211457684526,260.39129757881165
4,0.0160857666139322,0.015424898432192339,316.9386773109436
5,0.0146159621974761,0.015522326669633693,403.9147825241089
6,0.013178569937292618,0.035404244297529634,492.9034161567688
7,0.011515988628385798,0.013697634432687901,607.8212296962738
8,0.010122844579583234,0.014781082367964748,768.1030764579773
9,0.008471251323792946,0.026896241325897994,984.5576684474945
10,0.00707204139676505,0.01661370594837668,1228.1006963253021