ParamValue,Train MSE,Test MSE, Exec Time
2,0.0178336142418625,0.018317054548893822,172.20233750343323
3,0.016647075409900017,0.017756418129605888,260.48732137680054
4,0.015625657145640886,0.019861127055474277,319.84142541885376
5,0.014803248463969503,0.01590748823611114,371.7951989173889
6,0.013127690514990954,0.015347308028401499,518.7871978282928
7,0.011586904447436874,0.015724295470710494,606.9848749637604
8,0.009967983289300025,0.030856933471929297,820.6440448760986
9,0.008314761967385866,3.6053534310700246,1001.1329827308655
10,0.007177673688135518,0.028708094064774668,1217.6662373542786