ParamValue,Train MSE,Test MSE, Exec Time
2,0.017313148572089314,0.017934799952572623,194.51377940177917
3,0.016263732713956133,0.01742388324770216,283.0602819919586
4,0.015613486802359083,0.016770154107506235,311.3551869392395
5,0.014402037542381984,0.01735624996258048,382.9659080505371
6,0.012889017475668566,0.017226000408446938,464.50989627838135
7,0.0114806537480513,0.016517182667956924,602.7367916107178
8,0.00990742722979806,0.020226200569127047,783.8987238407135
9,0.008473304720148065,0.034086886716905414,1024.1319184303284
10,0.0068805520036810475,0.035359908342505006,1267.3926956653595