dataset,1,2,3
Train set,0.0201264233838461,0.019230782052058033,0.020596224951034046
Test  set,0.020366424670234293,0.01951610751472658,0.021045339014176625
48.554129123687744,64.74711179733276,203.63437914848328