ParamValue,Train MSE,Test MSE, Exec Time
10,3.571533937166699,2.6294648277965176,3.27950119972229
15,109.40206498955682,77.15610196546079,3.7369377613067627
20,0.12486696452503109,0.09609312298836135,3.6577959060668945
25,0.049295332370357686,0.048435857106226575,4.497961044311523
30,1.5634555588196806,1.1030904757537803,4.9234607219696045
35,871.7432157352752,135.3571441655764,6.126980781555176
40,1.952821064651593,1.898427467818185,6.605546712875366
45,0.06818529260740834,0.06328172421114785,6.8040618896484375
50,13.763081402188845,5.573186457942365,8.001356601715088