ParamValue,Train MSE,Test MSE, Exec Time
10,0.15178864566314454,0.15336148774827826,3.4960997104644775
15,1.1665591033816072,0.4015254607044771,5.658402919769287
20,0.08526675931518998,0.07828624560436576,4.369113445281982
25,3.3793578849047265,0.9258191086368875,4.850104570388794
30,0.333060050874192,0.22124471054371625,5.491742134094238
35,0.09987443779502853,0.08518822705601982,5.675985097885132
40,179.96587036789205,15.91503137035504,6.7748003005981445
45,390.78361149337803,18.156512269599357,8.032891035079956
50,9.308909400066971,1.0399032922776088,7.967281341552734