ParamValue,Train MSE,Test MSE, Exec Time
10,0.07166960063845733,0.07054573136466957,3.2970964908599854
15,7.8977898574265195,4.677745796571761,3.9347498416900635
20,3.686049347897136,4.531325138333065,4.244870185852051
25,2.8082157248090764,3.253662685710422,4.486491441726685
30,0.6824194310395733,0.8936453852114855,5.322376251220703
35,7.339352141002434,19.93372560459019,5.127742290496826
40,0.7796452791555181,0.46436674147281853,7.190183162689209
45,1316.6882184895883,2959.0456242866067,9.218250274658203
50,4.270882319140599,12.26027693123815,8.025474548339844