ParamValue,Train MSE,Test MSE, Exec Time
2,0.01753519100185492,0.01779975076240168,179.28797578811646
3,0.016268747458141265,0.017431388202970143,296.0778980255127
4,0.015602627754189092,0.018307100836308224,315.79205226898193
5,0.01438152956324667,0.015984700908352047,404.5834312438965
6,0.013255321473009693,0.054332245727463716,491.26260805130005