ParamValue,Train MSE,Test MSE, Exec Time
10,0.5021218478825166,0.4704245412160026,10.182621479034424
15,199.78560690240653,116.0756267270871,26.999816179275513
20,93.85445087965243,7.207800542115742,141.27897429466248
25,0.8352940172602176,0.8047234796579495,6.664170742034912
30,0.009699350366123117,0.01684228597174562,4.516644477844238
35,0.025205625103358126,0.01672456951129951,4.6296751499176025
40,0.011146222524051078,0.016948416358342384,4.779470682144165
45,0.014532822546628927,0.016629269097569673,5.098768711090088
50,0.1912872246704655,0.05144300390403924,4.3192219734191895