ParamValue,Train MSE,Test MSE, Exec Time
10,0.5820620334336967,0.23864984411191145,10.712443590164185
15,0.30989831321697603,0.5085448160084923,28.818220853805542
20,1.290733296932063,2.7722823650368147,26.781943559646606
25,0.017469912240102154,0.00953172066923488,4.400029897689819
30,2.09446183687903,2.562032241017636,5.484351396560669
35,0.19581978774725864,0.20418361027554335,5.442867994308472
40,0.014950660733054887,0.010714078387108961,4.3899195194244385
45,0.01828433726965732,0.010717398592369668,5.154279947280884
50,0.020122308114587296,0.014793528769238984,5.557537078857422