ParamValue,Train MSE,Test MSE, Exec Time
2,0.003450659706827786,0.0060958561421426746,25.07456398010254
3,0.0026172971577032122,0.0049952308503936615,32.487568378448486
4,0.0013550007941872807,0.1119380067014547,121.18919396400452
5,0.0012408124233537097,38.17391530669675,129.13903951644897
6,0.0014343733906399597,0.04107976274813656,89.81411790847778
7,0.0012040698705886516,123.76341066259737,215.25667119026184
8,0.0009881978000700928,0.03524146051570229,359.17510890960693
9,0.0011627269096565862,0.08318598224207321,118.79893827438354
10,0.0013007821303380207,2.5433551380940327,253.85836601257324