ParamValue,Train MSE,Test MSE, Exec Time
2,0.003906320151596402,0.006608569359067898,20.904638290405273
3,0.002793362297549737,0.007100390047340888,30.54932713508606
4,0.0018981348440514517,0.01029434792413471,69.0016520023346
5,0.0016627492033048721,34.20479742179306,292.671457529068
6,0.001006006912359518,30.42022856861838,276.6043314933777
7,0.001171564747733577,16.91370571160945,291.5067012310028
8,0.0013352663106558267,3.95813244385327,228.49771237373352
9,0.001032431802516831,416350.38398993755,201.8920660018921
10,0.00124238718676941,15.425166607959778,179.54760313034058