ParamValue,Train MSE,Test MSE, Exec Time
2,0.0038844835800282396,0.004656135456485855,70.58117175102234
3,0.0029997356631994952,0.004663695263190201,31.931241750717163
4,0.0020571429035235187,0.00455563499703342,45.369688510894775
5,0.002121998411542133,83.55245931275472,148.518657207489
6,0.0013070437464395713,4.858819797968739,179.28164267539978
7,0.0012307215596285026,0.029929308994640618,444.1822428703308
8,0.001209330271787233,0.0788420333857706,283.60104990005493
9,0.001029930425314848,0.8448831895658365,294.78775453567505
10,0.001230799413142921,0.9880202640666149,243.338716506958