ParamValue,Train MSE,Test MSE, Exec Time
2,0.003323368142923356,0.006081473790679295,25.82098412513733
3,0.002933368801793035,0.006569348373046674,25.026986837387085
4,0.0018144795467406184,0.01088552750126329,41.22730374336243
5,0.0010957964559095612,2.89234063408037,136.51799154281616
6,0.0008166061212221341,36856592.25204276,275.5173602104187
7,0.0006865089042006212,0.09420380011003272,234.36880826950073
8,0.001216867771499085,0.28882406370264063,187.98740696907043
9,0.0010986530640439325,0.0849926737457535,292.7226917743683
10,0.0006381060295349161,0.6772397238516845,336.6905393600464