ParamValue,Train MSE,Test MSE, Exec Time
2,0.0049734290610838495,0.07347378274627084,20.12535309791565
3,0.0031209084067994586,1.5249135568192889,29.98565411567688
4,0.0021351218690399856,0.01859659023970186,32.847344636917114
5,0.0017376030548308498,0.11589879667496183,82.79706072807312
6,0.0011523168859591153,9.517154171887958,173.84643721580505
7,0.001229909675094824,33.377891241093785,261.34688782691956
8,0.0010789566252887594,7.561115732118348,348.44182324409485
9,0.0010626711176718333,96799.75778539087,406.39754605293274
10,0.0013026100281164346,44.45171463528841,185.99819922447205