ParamValue,Train MSE,Test MSE, Exec Time
2,0.0033028651208250395,0.004603932292440044,37.23867964744568
3,0.00305535256034959,0.004089040034834601,29.718162536621094
4,0.0017138560755919677,1.7704322213924093,145.62404322624207
5,0.001708998450037507,0.014011827277955967,76.5334403514862
6,0.0017793419487737415,0.22071567160194921,137.13655591011047
7,0.0011113540790307298,0.20789193678300105,283.8556344509125
8,0.0014623428091073572,0.03071492186669274,154.20017313957214
9,0.001463631802873416,0.4276727652328498,309.3118555545807
10,0.0011697438063165743,0.5241345975677277,502.05449199676514