ParamValue,Train MSE,Test MSE, Exec Time
2,0.0035394265712564107,0.005188500112843684,32.11118698120117
3,0.0029078525091558866,0.009238373437091708,30.94763422012329
4,0.0021445025767260375,0.03422570878557566,69.73453521728516
5,0.0014313037068023212,0.15942419362973284,123.81133937835693
6,0.0014170029125222764,1.4092473755259665,147.3103232383728
7,0.001356836195992114,0.03276790508461722,193.8781623840332
8,0.0013540580318127343,0.09797452833095163,97.08615779876709
9,0.0014908513565594207,0.1728719280350394,63.40620470046997
10,0.001734738212035204,0.07982124935298701,178.26152801513672