dataset,1,2,3
Train set,0.019967247437309668,0.01881409331565694,0.021318725766041016
Test  set,0.020025346949069267,0.018989655680395855,0.021646990460797717
64.94115900993347,92.52279543876648,285.83078622817993