dataset,1,2,3
Train set,0.01988257134759965,0.019220380869392685,0.02127424631868457
Test  set,0.018891758392087277,0.01857370722795486,0.020183075644167735
58.42973279953003,94.72424459457397,446.69514417648315