ParamValue,Train MSE,Test MSE, Exec Time
10,0.08549812519867293,0.09099919621657722,3.0356712341308594
15,43.6852367890386,44.85303407443054,3.488301992416382
20,1.8888378878809695,1.119324927904067,3.632972002029419
25,16.9059503948704,9.441983563155793,4.744888544082642
30,14.505789972727124,10.399337749733325,5.404233694076538
35,3.2075394074292376,4.091033715460753,6.064599275588989
40,0.3452690601461313,0.3896569653874003,5.804531574249268
45,68.37251599278073,62.84835919310777,7.203695297241211
50,60.3133575669914,5.784399909157472,7.455120801925659