ParamValue,Train MSE,Test MSE, Exec Time
10,0.10113859228494736,0.09937410086840828,3.285215139389038
15,4037.7572223801644,5584.851544254648,4.685952425003052
20,0.07454045762432375,0.07435699029620167,4.150052070617676
25,2.819250527528016,2.660395233895877,5.0644450187683105
30,0.657520021731885,0.48128923451909067,5.533736705780029
35,0.8326332066312281,0.7603697089257414,5.940754413604736
40,0.3439011736235165,0.33189534034802604,7.669417858123779
45,39.36015927254172,1.128978476029707,9.22147250175476
50,0.8497992528044347,0.9847902908615443,8.534695386886597