ParamValue,Train MSE,Test MSE, Exec Time
10,1378.443823660618,171.7257790009083,3.8238301277160645
15,0.043753463131843195,0.044914787012341514,3.202864408493042
20,0.16599427105109507,0.10435674290431743,3.6426219940185547
25,23.167710602655685,18.192456239698927,4.687229871749878
30,0.11462200243754408,0.10656122160754689,5.101102828979492
35,1.3820768416193792,0.8540932737851248,5.516657590866089
40,1.5243845673546836,1.2239590084120144,6.5123512744903564
45,11.249819943954476,8.061009291766684,7.279900074005127
50,38.04579084122134,24.00679196762793,8.874597787857056