ParamValue,Train MSE,Test MSE, Exec Time
2,0.018021247789020364,0.017559666855241587,231.23096632957458
3,0.016847242219985063,0.0167066076234116,299.04298162460327
4,0.015526786271004532,0.01758571991856678,366.3110918998718
5,0.014744315061497938,0.030216423792696703,412.57984948158264
6,0.013693523465151673,1.2781190831012736,495.4858193397522
7,0.011888386776979178,0.04466112125218594,609.2378923892975
8,0.010053502262011578,0.017931611016449127,794.3498160839081
9,0.00851239050120943,1.5452449248805322,989.3672988414764
10,0.007310169283385124,0.061199980619192434,1234.5174498558044