dataset,1,2,3
Train set,0.006195212678717039,0.005266022213540336,0.0051459120613154856
Test  set,0.0061138634562187405,0.004115390636304025,0.004878445780165495
5.122046709060669,7.026605129241943,8.343251943588257