dataset,1,2,3
Train set,0.004782123939075529,0.003947553033223542,0.004323335665190461
Test  set,0.008262684018132684,0.007804303204766063,0.007271705456041712
5.617835760116577,8.983729600906372,7.227959156036377