dataset,1,2,3
Train set,0.005315954981907501,0.004842751574133048,0.004767046496356119
Test  set,0.006872088072403104,0.005597072044456487,0.005642981860769436
5.824570417404175,6.758281469345093,8.88747763633728