ParamValue,Train MSE,Test MSE, Exec Time
10,0.3503293927291813,0.34813029040545446,8.38716173171997
15,0.013045468054169283,0.00872585319416968,3.1301701068878174
20,0.01001407490120164,0.00855922965050194,3.8768398761749268
25,0.009727351814174471,0.008413115704824054,3.476285219192505
30,0.008660465439963275,0.008092423291329911,3.5955729484558105
35,0.01044083296198372,0.006705339488965096,3.622298240661621
40,0.00691485341755089,0.0054359414456527895,4.196614742279053
45,0.0075564097767601415,0.005990033302623785,3.52307391166687
50,0.05946498041492342,0.014600517075443702,5.13520073890686