ParamValue,Train MSE,Test MSE, Exec Time
10,2.0492901444195524,1.1231682939659402,9.102016687393188
15,0.21094316253746942,0.24435499483856668,12.027956008911133
20,0.006047674531908952,0.006340649771414638,3.14823317527771
25,0.03201768347950414,0.03150101191842071,4.175818204879761
30,0.15602998353418907,0.14285131238601287,4.251567363739014
35,0.01588302204451051,0.009612371284563742,3.6973586082458496
40,0.01247389465360975,0.014210884169788267,3.931074857711792
45,0.012578406688041568,0.009881044060638158,4.591064214706421
50,0.005968194072739835,0.005556448758386294,6.275588512420654