ParamValue,Train MSE,Test MSE, Exec Time
10,0.15372792766502896,0.12257404132395958,7.687210321426392
15,0.019416896723379998,0.017051976464677102,3.3664560317993164
20,0.018905643179755637,0.01785630903746493,3.21562123298645
25,0.007562384253148937,0.007547543750923011,2.7470805644989014
30,0.00927066463796552,0.008750717546471703,3.612844944000244
35,0.009934304668510793,0.00848460054135978,3.289828300476074
40,0.01365871841416639,0.011352056575610317,4.1332902908325195
45,0.008389614960783852,0.007009845650004507,4.662774324417114
50,0.017460384533474316,0.013137763096790971,5.352027654647827