ParamValue,Train MSE,Test MSE, Exec Time
2,0.003886019663610749,0.006264867665388949,10.961262226104736
3,0.0035197675500287227,0.007050879967752994,16.821765899658203
4,0.0029876799629782796,0.008906777901746448,27.264650344848633
5,0.002174061791432113,0.011973419710289365,38.75031089782715
6,0.002364750592572024,0.016823956533383946,37.94966220855713