ParamValue,Train MSE,Test MSE, Exec Time
2,0.0047233269639990055,0.004298265130795222,10.124927282333374
3,0.00417870995901856,0.004213596650355121,14.476038455963135
4,0.0031617575531809666,0.005578346658352427,24.83922290802002
5,0.002780158534703579,0.00822235193699461,32.50709772109985
6,0.002760340587605535,0.009248830046012362,32.871431827545166