ParamValue,Train MSE,Test MSE, Exec Time
2,0.004101993631033307,0.00825040055557291,11.085371017456055
3,0.003942301054950482,0.008596286156784542,14.693378925323486
4,0.00276536921279269,0.010525254616164893,24.120601177215576
5,0.001937391389076377,0.04211900666334611,35.641144037246704
6,0.0021756023829013617,0.01299441929244549,34.180742025375366