ParamValue,Train MSE,Test MSE, Exec Time
2,0.0035208649735501006,0.008208699505226865,10.699831485748291
3,0.0026489075570900328,0.008874924840900352,17.38703727722168
4,0.0018422603688840876,0.007338304411772736,27.42513871192932
5,0.0018798206761704234,0.006993081000772699,34.78022623062134
6,0.0018534781782164158,0.005922586470223176,37.90246939659119