ParamValue,Train MSE,Test MSE, Exec Time
2,0.0039007851665461752,0.007681187045362679,10.79942536354065
3,0.003846592235854985,0.009021161030823765,14.451788663864136
4,0.0028408285586575565,0.00932145448233758,25.86050295829773
5,0.0024357445775998587,0.01259114228647427,34.04664468765259
6,0.0026517341273170065,0.009139256599746196,34.567126512527466