ParamValue,Train MSE,Test MSE, Exec Time
2,0.0036207219733659034,0.008520663803572092,13.899644136428833
3,0.00399964258329333,0.007313288428235452,13.99562406539917
4,0.002817297844094244,0.007041735377837764,27.234987020492554
5,0.0019024467704403126,0.2819806108097269,37.13887619972229
6,0.002127919336453881,0.01371723694347303,37.360727310180664