dataset,1,2,3
Train set,0.0060957666268385766,0.005316944537152014,0.005247466926452875
Test  set,0.00497064432825948,0.004142324158353912,0.0038044176567124054
5.356162786483765,5.921451807022095,6.6592772006988525