ParamValue,Train MSE,Test MSE, Exec Time
10,0.6393005890582492,0.8873884913541462,8.037233352661133
15,0.029650842256577808,0.034041868080811694,2.7940001487731934
20,0.010326747863968113,0.010878257254795859,3.5674116611480713
25,0.01286293978245762,0.013722415631021735,3.3058900833129883
30,0.00987099528444764,0.014299732251461632,3.6050164699554443
35,0.00844976072602725,0.009544437103275745,3.590088367462158
40,0.006901406586878338,0.006517501826068051,3.6971824169158936
45,0.00779039489856813,0.008904295726618753,3.937547445297241
50,0.09203751422100705,0.022257676130865284,4.379014253616333