ParamValue,Train MSE,Test MSE, Exec Time
2,0.0036107916144806,0.008855017218972892,11.252283573150635
3,0.003284823828713008,0.014415938352108856,16.487159967422485
4,0.0024290036974708635,0.00715632718244551,27.42055869102478
5,0.0019730591355994658,0.009690053534935782,41.18743824958801
6,0.001950267243685559,0.008851036579626968,42.44095730781555
7,0.0019737795447758067,0.009713865869223286,41.48416781425476
8,0.0019281948461336933,0.010253601649126316,41.099228620529175
9,0.0017562602124069813,0.011573765347707992,41.85749959945679
10,0.001962889399329523,0.008547262514535437,40.956127405166626