ParamValue,Train MSE,Test MSE, Exec Time
2,0.0005238522516522536,0.0030687122163823815,8.489216089248657
3,0.0005195162343298108,0.0020819139474510216,12.532565355300903
4,0.00048397386456047866,0.003445686333868416,16.593737840652466
5,0.0006469407015997833,0.003910973424401933,21.367797374725342
6,0.0006431108546339238,0.003906590598512214,20.503724336624146
7,0.0004750983960393342,0.0034774783491171466,20.855692863464355
8,0.0005092959629773846,0.0015015651840526785,18.28564143180847
9,0.0004728302656670844,0.002065999674992158,18.912811756134033
10,0.00041483487115437053,0.0024743919276679466,18.897229433059692