dataset,1,2,3
Train set,0.01892248399338018,0.007735622071328496,0.0110037329462051
Test  set,0.02848566451416164,0.019122177699572605,0.015067698887832564
7.937317609786987,21.739165544509888,13.572829484939575