dataset,1,2,3
Train set,0.019452172221194292,0.008682578469619812,0.007605712063510039
Test  set,0.025312804800137416,0.007959839955065088,0.02040057176645654
8.538309812545776,15.616123676300049,17.462610244750977