dataset,1,2,3
Train set,0.020101104023351506,0.00941855760721179,0.00833068517353813
Test  set,0.02367209315941133,0.01123764420198629,0.009249081965584932
7.734625339508057,12.668631553649902,16.015563011169434