ParamValue,Train MSE,Test MSE, Exec Time
2,0.0027463629479416215,0.006350582053068719,30.175639152526855
3,0.0019507039334226502,0.007214058468940814,40.13760209083557
4,0.0021455668120749826,0.004966982504370823,42.66047239303589
5,0.0026710080554655995,0.007211590607220667,42.44002366065979
6,0.0015389623842826368,0.005986770104740766,49.16232442855835