ParamValue,Train MSE,Test MSE, Exec Time
2,0.003960141748370437,0.011254230167730143,20.875889778137207
3,0.004477520121795847,0.017276091855674035,30.437020301818848
4,0.004471762345855629,0.017407164219003114,40.7906973361969
5,0.0022651235741714157,0.008275278289139367,44.72957372665405
6,0.0044469990850269005,0.017660989707998925,38.838669776916504