ParamValue,Train MSE,Test MSE, Exec Time
2,0.005462659828789583,0.005885100994965118,23.053415775299072
3,0.002748516400245733,0.006359918808368316,34.94036269187927
4,0.0028008332253920886,0.006378661052192581,42.166067123413086
5,0.0028038813793820117,0.006398486987681834,41.73856592178345
6,0.005445311063974196,0.005804455429771463,39.470946311950684