ParamValue,Train MSE,Test MSE, Exec Time
2,0.002416432677364771,0.007534595106841293,27.441874742507935
3,0.00256737234251125,0.0076147153321247645,32.7183620929718
4,0.0026125125138991147,0.007260098244584519,38.5440034866333
5,0.0049595781993303336,0.015241250131674473,37.05247473716736
6,0.004955394106755027,0.015328471507181196,36.4505729675293