ParamValue,Train MSE,Test MSE, Exec Time
2,0.002868963660227737,0.006193952620977654,27.791675567626953
3,0.004433374653342205,0.010411891418399365,33.413042068481445
4,0.0045496921614209375,0.006762903538692325,35.80133032798767
5,0.004250615935932546,0.008789582741533866,40.0419065952301
6,0.004511968710508853,0.0066625839395110615,39.40397334098816