dataset,1,2,3
Train set,0.0004689746808027242,8.68201808358861e-05,0.00023318181917537936
Test  set,0.00046149806696930897,8.681771756284342e-05,0.00023452690842063208
83.74158334732056,168.15507245063782,616.6175901889801