ParamValue,Train MSE,Test MSE, Exec Time
10,0.045696642345688446,0.0460903227849234,7.34384560585022
15,0.019146833100688376,0.019064280604418178,4.013911962509155
20,0.001711706270838742,0.0017711377151264458,4.621025562286377
25,0.0007643066864313706,0.0007378380065292788,4.5877768993377686
30,0.0011203756633596138,0.0010879827623150899,4.129155158996582
35,0.0013373724314288116,0.0012804578230584493,5.009287118911743
40,0.0012258823838963643,0.0011860567226094588,4.2676475048065186
45,0.0008161855489473863,0.0007701795343854429,5.061702251434326
50,0.0007755135749413074,0.0007738965018470277,4.032732248306274