dataset,1,2,3
Train set,0.0060943105302048075,0.005759704545283881,0.005793645527615356
Test  set,0.006134958117151441,0.005767293180713114,0.006047914522550496
14.572697401046753,21.311904430389404,60.67927360534668