dataset,1,2,3
Train set,0.0059049267799673715,0.005617030783392551,0.00571773196805251
Test  set,0.005967088617880126,0.006057426727637371,0.006106940228908114
17.07341480255127,27.505253553390503,63.49183893203735