ParamValue,Train MSE,Test MSE, Exec Time
10,0.014867081223390284,0.01406417830290011,5.430124282836914
15,0.08331423092024953,0.07626127896101263,3.745694875717163
20,1.4137884985853106,1.1611059846906264,3.55972957611084
25,6.338066359096002,3.9536132826442367,4.190179824829102
30,0.0768692422689474,0.05870339574259534,5.021791934967041
35,0.07000138194945295,0.04316711797377567,5.373858451843262
40,0.10109405954725686,0.07129289473936165,6.360964059829712
45,1.0501058610578626,0.7639984417391161,6.993770122528076
50,0.1899227653580605,1.370375761516549,7.751368522644043