ParamValue,Train MSE,Test MSE, Exec Time
10,0.01328363353917193,0.014025540891722981,2.715318202972412
15,0.07719877782679327,0.04095482685018873,3.5538699626922607
20,0.03418755357005246,0.03403028006840858,3.264577627182007
25,1.331078900574743,1.3689438043999411,4.022507190704346
30,0.040066199281323676,0.026855820347557107,4.222758531570435
35,3.1866292797396123,2.799196315010361,5.350793361663818
40,0.10353344729310054,0.08530922444958068,5.430396318435669
45,0.5621445372618115,0.3507414702337896,6.910628795623779
50,0.2239841047514872,0.21713848520461163,7.147586822509766