ParamValue,Train MSE,Test MSE, Exec Time
10,0.010682240997237538,0.010789356351749968,2.9154775142669678
15,0.016461338012310884,0.01611859088791591,3.245708703994751
20,0.011598165279115917,0.011744678654760147,3.3369743824005127
25,5.486217894853792,2.1094840678006688,4.268461465835571
30,0.0280746462571198,0.01594218614027428,4.551570653915405
35,0.12493744791829199,0.11915344153510612,5.447046279907227
40,40.64165539777282,33.10001001997043,6.374213933944702
45,0.171320448441113,0.09591462477219226,6.989128351211548
50,0.040039940910311156,0.03734310616162508,7.189209222793579