ParamValue,Train MSE,Test MSE, Exec Time
10,0.054221039907532395,0.05917390879796894,2.870584726333618
15,0.37410768301391123,0.4509215462862369,3.1707825660705566
20,0.017047559389722123,0.01896171188864902,3.5607097148895264
25,0.03225046198115373,0.029221965202552,4.007866144180298
30,0.016501362922239367,0.01599174381647062,4.597375154495239
35,0.32824424420134657,0.32039889900442775,6.456675052642822
40,0.031191629837717113,0.03280439723863936,6.035877227783203
45,0.0400608437968866,0.049950905499528665,6.908168792724609
50,10.806534296668472,14.113150354895557,8.614160537719727