ParamValue,Train MSE,Test MSE, Exec Time
10,0.08776574010580049,0.07508556662861128,4.0724241733551025
15,0.019190102945415222,0.018268113863397564,3.135145902633667
20,0.02789456408864764,0.02557325829045732,3.8686683177948
25,0.0139581417277066,0.014671117743711102,4.225353479385376
30,0.023261771818129016,0.021761182469888483,4.840230226516724
35,0.24731502316349616,0.22618607273533672,5.368687868118286
40,0.05707152720643074,0.028110682310818005,6.338329315185547
45,0.7154944324356718,0.2299652391580262,7.411155462265015
50,0.03527341199803857,0.03826481148758318,7.540002107620239