ParamValue,Train MSE,Test MSE, Exec Time
2,0.0055677833853737466,0.005223071547347562,29.812975645065308
3,0.005499748215133132,0.005259165683320031,40.11863589286804
4,0.005329277714530996,0.005244389976341418,57.05771446228027
5,0.005070012150325633,0.00576872518231444,82.78028726577759
6,0.004813461464094995,0.005528211099113257,124.77139091491699