ParamValue,Train MSE,Test MSE, Exec Time
2,0.005387196916419817,0.0061322940870266645,28.106950283050537
3,0.0052792961193493075,0.006020696748824929,44.92537069320679
4,0.0051680687950839055,0.005959960701791627,58.18255162239075
5,0.004923744106926353,0.006174147026384955,81.17022275924683
6,0.004610062564173156,0.006609182275704204,124.03960657119751