ParamValue,Train MSE,Test MSE, Exec Time
2,0.005602801832139216,0.005308987657026012,31.65525984764099
3,0.0054782774055765855,0.09059126765679838,40.759769439697266
4,0.0052915413345177836,0.013151672787635167,57.68003273010254
5,0.005058544775402528,0.005908338576039811,86.58379578590393
6,0.004736525319529299,0.006455340829366205,120.55250668525696