ParamValue,Train MSE,Test MSE, Exec Time
2,0.0055007430534415695,0.053501701247022755,26.60701823234558
3,0.005396003998081374,0.006010988088193892,41.57264304161072
4,0.005221577690429713,0.008628536175977967,57.20222592353821
5,0.005087823243900742,0.005862618611301269,84.12924933433533
6,0.004571214449262169,0.609622805599931,129.24856328964233