dataset,1,2,3
Train set,0.006857670498238478,0.002787036541660234,0.0030449283045548164
Test  set,0.006889883340698359,0.002832194046608893,0.003099026886254386
91.95327401161194,154.86026906967163,486.7556211948395