dataset,1,2,3
Train set,0.006914252384380165,0.00497374146981331,0.002833097472326138
Test  set,0.006659598260857967,0.004908803480078412,0.002807334885513838
72.42193961143494,129.82692694664001,759.5394456386566