dataset,1,2,3
Train set,0.0068636943178558025,0.0013530704851143413,0.002483878454109102
Test  set,0.006860138727419665,0.0013500760846692037,0.002415059075476799
67.76279187202454,122.46344566345215,662.8211944103241