ParamValue,Train MSE,Test MSE, Exec Time
10,0.11340552823193928,0.11145020756886259,9.918137073516846
15,0.04426819885548811,0.042479410602913145,13.489174365997314
20,0.01756604818318704,0.018236789156183597,4.952671766281128
25,0.012942928759238784,0.012895607359883064,4.275493860244751
30,0.010898893911894901,0.010757555617442308,5.489166975021362
35,0.011217991275189361,0.011083408912909255,4.938054800033569
40,0.007697114265623312,0.007860643947283434,4.811987400054932
45,0.008437122173815148,0.008419732469351328,7.49533224105835
50,0.014819579561257071,0.014397329886469216,5.784609317779541