ParamValue,Train MSE,Test MSE, Exec Time
10,0.0815903627156889,0.08475978817419014,7.788035869598389
15,0.030673809604479026,0.02922725892868274,3.759502649307251
20,0.024394759071071283,0.024235071541408235,3.893625020980835
25,0.015283433666661909,0.015204781786513265,3.8000359535217285
30,0.011522554807298113,0.011453181774566373,3.575336456298828
35,0.012122051980238933,0.012063767757825458,5.284988641738892
40,0.01576641453318114,0.015364024562366874,5.850392580032349
45,0.006071332381565842,0.006147586793943758,4.885369300842285
50,0.009499624953952887,0.009566159425015191,4.449113607406616