ParamValue,Train MSE,Test MSE, Exec Time
10,0.055028803790487794,0.056144806360299136,7.117217302322388
15,0.02353275070875536,0.023166562067636287,3.766648769378662
20,0.015898592774247846,0.0160379525896453,4.456709623336792
25,0.013365077448457495,0.013212181784202897,4.349293947219849
30,0.014656752292900647,0.014553765953008547,4.502631664276123
35,0.011211781189161283,0.011062563717783183,5.326559782028198
40,0.008221865346761259,0.00855994088196312,4.57826042175293
45,0.00752581514975471,0.007646864116421085,3.9942786693573
50,0.00485355933892765,0.004819497705845587,5.636144399642944