ParamValue,Train MSE,Test MSE, Exec Time
2,0.0027814448624535093,0.002771167168567364,665.0409245491028
3,0.0013007518359360606,0.0013058648270367634,875.0722897052765
4,0.001044432682311437,0.0010450269027321634,1044.4722254276276
5,0.0011417350618909785,0.0011494846994061045,1183.3265264034271
6,0.0011725240958168296,0.0011872565215921415,1302.9032092094421