ParamValue,Train MSE,Test MSE, Exec Time
2,0.0027222854970207493,0.002729188416844303,467.04834938049316
3,0.0020065181667377314,0.0020338074422079507,702.3521254062653
4,0.0011288734836928484,0.001131671304308192,837.6409392356873
5,0.0012169977261486681,0.001248057784715896,957.5904884338379
6,0.0012350975487961963,0.0012684916914850416,1096.8833012580872