ParamValue,Train MSE,Test MSE, Exec Time
2,0.0036825306649503685,0.003613288758868695,631.0252513885498
3,0.0019754758440880347,0.001969315951972074,868.5892300605774
4,0.00150296065404137,0.0014938705537729802,1043.9621512889862
5,0.001182017391584259,0.0012024884796520473,1182.629192352295
6,0.0013226871909796873,0.0013537892536912624,1337.0136959552765