ParamValue,Train MSE,Test MSE, Exec Time
2,0.0030528685261369706,0.0029613545363395767,591.9015610218048
3,0.0015418307526128925,0.0014822433648318772,858.7710466384888
4,0.0012814929447938753,0.0012559370133965865,1018.8113648891449
5,0.0014523678092930677,0.0014700966667855707,1133.247662305832
6,0.0011673006400679,0.0011665381302745444,1285.664796590805