dataset,1,2,3
Train set,0.00839193821293034,0.006014115484124029,0.005655308502650084
Test  set,0.007093735726942769,0.006616148499493918,0.00692667087483667
9.130611181259155,11.397677421569824,25.227380514144897