dataset,1,2,3
Train set,0.006792009641491526,0.006341544189354018,0.006670767367754455
Test  set,0.012721382667031737,0.012279496725353374,0.012469845882815002
7.856360673904419,15.384928226470947,13.939598321914673