dataset,1,2,3
Train set,0.0068413030467586,0.006126744090934739,0.006580594528360885
Test  set,0.00812294220220732,0.006742597100569823,0.006381439376835166
7.9667418003082275,11.226646184921265,24.463584899902344