ParamValue,Train MSE,Test MSE, Exec Time
2,0.0036889006300009396,0.006911790104711186,22.287208080291748
3,0.002712677980851043,0.00791357092512377,33.5467529296875
4,0.0021188868688565166,0.2163380560638753,43.99662399291992
5,0.0015989655940503475,0.011452287094689704,84.32778334617615
6,0.0010354710103672973,0.030670289667689858,165.28955364227295
7,0.0011306877104245658,0.020447014392695573,275.5663208961487
8,0.0010106833068289024,1.68577148915844,270.1013400554657
9,0.0010780352491170187,0.2553909616853,256.62145256996155
10,0.0012200728089130364,0.057592975801269,192.95407700538635