ParamValue,Train MSE,Test MSE, Exec Time
2,0.0036846054245820337,0.008924317709944996,21.470409870147705
3,0.0031214017845276414,0.010327854205547495,28.456158876419067
4,0.0018365657261891172,3.786584097715245,144.3231725692749
5,0.001172187255392589,899.5047727077635,162.19050788879395
6,0.0010377069344359804,8.653808219248372,123.43487811088562
7,0.0009840303597924533,1184911.8011250068,231.8432445526123
8,0.0009591525108398788,4.977039355750394,255.2367181777954
9,0.0009576103850902277,2.7799776315598774,165.75497674942017
10,0.0009494594145059632,26.268239379264887,232.5723979473114