ParamValue,Train MSE,Test MSE, Exec Time
2,0.0036816723083372156,0.04646351751244307,25.276873111724854
3,0.002570581274253097,21.279433860082754,83.75343489646912
4,0.0018147360702354264,0.008886661515684895,38.925724029541016
5,0.0011832677600760863,18.530030172437115,109.97921633720398
6,0.0012081516817652898,0.024288245619386355,91.55777740478516
7,0.0011103713790195095,0.6982520783897997,122.828852891922
8,0.0009909884587428668,112.36378096127787,176.07532024383545
9,0.0011592677185764844,0.014630665029237797,92.64823794364929
10,0.0009407813577526024,354.99896908732774,210.99227261543274