ParamValue,Train MSE,Test MSE, Exec Time
2,0.0040863072475500455,0.008648217628729861,21.90739393234253
3,0.002869090093460798,0.005632865005345063,29.968199729919434
4,0.0019822708857239937,0.007789352711083398,90.02796387672424
5,0.0013547509292577513,0.10207000633225866,224.5948121547699
6,0.0012503019896124806,2.3404517359398977,130.6104655265808
7,0.0012484852746171152,2.0205549989906384,115.52294301986694
8,0.0010772410948932426,0.11659195940541331,199.97907614707947
9,0.0011273705891069125,4.513516400770991,150.8681766986847
10,0.001226443832442451,0.018385933181584865,144.01554822921753