ParamValue,Train MSE,Test MSE, Exec Time
2,0.0038761381060195845,0.00690384463885974,29.265210390090942
3,0.002833233634497227,0.006981093533896583,35.7232449054718
4,0.0021829248533038648,0.013287172884914012,77.36697196960449
5,0.0013727118073140452,1.0052941833869136,98.25109386444092
6,0.001017286296752834,486.7509302884131,171.37881445884705
7,0.0011234790333189213,1.1499245616264449,193.18712377548218
8,0.0010828287349019742,0.20602612464474265,100.85240626335144
9,0.0010400960618266169,0.10399034601254933,194.72043466567993
10,0.0012551072171465855,0.016044465213466377,190.58676099777222