ParamValue,Train MSE,Test MSE, Exec Time
2,0.003016682810376894,0.02849610029101946,39.11651968955994
3,0.002547691066789292,0.09976397924818918,33.79740786552429
4,0.0020460348872090987,0.013244447336172901,73.36716747283936
5,0.0011111858967039784,6.854198285858235,127.50455522537231
6,0.0009437810726018261,24.057848731942073,227.56646251678467
7,0.000950336517228225,67.85014523291979,228.19002962112427
8,0.0008663624842389475,1060.783724994649,305.72251892089844
9,0.0009659015141114837,29.332993359245858,293.74249839782715
10,0.0009155011052322012,0.345707244597834,386.9512984752655