ParamValue,Train MSE,Test MSE
1,0.017603827394915054,0.02045541952222437
2,0.015562511391296012,0.01640369174961727
3,0.015183128126477744,0.01752341423122375
4,0.016992398946311344,0.022208361777605545
5,0.015971528877237073,0.019586901598491087
6,0.015491133864833261,0.019049142736727545
7,0.015112779439869706,0.017711517612539154
8,0.014947414983969575,0.017525727420369154
9,0.01477939639598793,0.01682877848813285