ParamValue,Train MSE,Test MSE
1,0.025553553868329915,0.034690193944687184
2,0.017482734373054334,0.02817553855580749
3,0.0158767669919546,0.030099934144091463
4,0.016417119713591742,0.03324750020320195
5,0.01562997815244897,0.02746382881653853
6,0.015235396155270699,0.02487307206300056
7,0.015314601860471566,0.025476055860274453
8,0.015017623979394193,0.01974263128735281
9,0.014939188000054757,0.01966902557532893