ParamValue,Train MSE,Test MSE
1,0.017273894187505842,0.021319014152297814
2,0.01672750050729151,0.01787715678886455
3,0.01771580671023264,0.019117069827936737
4,0.016451523053667462,0.01855520673690504
5,0.01589228789005844,0.0196380732797596
6,0.015132134083545759,0.01739480261429146
7,0.015172862918946175,0.018168255192271467
8,0.015035233821204185,0.019680496661055202
9,0.014926869357534522,0.018014157400169577