ParamValue,Train MSE,Test MSE
1,0.01622887177589276,0.0163454555674005
2,0.01655666679464484,0.01504810833003401
3,0.015312234115073231,0.014919644725536816
4,0.015718995688874953,0.014847267937715083
5,0.015159119150097832,0.014905503722406451
6,0.014919223552879873,0.014710272372427259
7,0.014708496783992147,0.014771406997295023
8,0.014743921254902639,0.014609635058999109
9,0.014958326797901003,0.01459399720886833