ParamValue,Train MSE,Test MSE
1,0.015974772131417535,0.06302457122660114
2,0.014560046846315337,0.0279369574842259
3,0.014337029371420186,0.024079026016812978
4,0.014402407804430346,0.025588208298424484
5,0.014445527420595317,0.025334152162423188
6,0.014521233291101216,0.027133897248956568
7,0.014620676949149895,0.02924013658865949
8,0.014356354270608506,0.026790931486748586
9,0.014367870994420774,0.026292606218305144