ParamValue,Train MSE,Test MSE
1,0.044352329132251844,0.0599731639712075
2,0.022896049127026183,0.025839892432005743
3,0.018068565031321586,0.018593654305955866
4,0.016592368752104528,0.01615190542616767
5,0.016952143140293974,0.015218210344903265
6,0.01617126280034038,0.014908824797315806
7,0.015805909707209652,0.014522890076917703
8,0.015437396231235643,0.014296869382950193
9,0.015251379577697457,0.014204198567200444