ParamValue,Train MSE,Test MSE
1,0.022208885795584894,0.015678579809082736
2,0.017693033695318078,0.014652501165913179
3,0.015747956936589036,0.014399746285755412
4,0.015178900587868806,0.014351200903737843
5,0.014876681263616688,0.014362207774049469
6,0.014559170681962363,0.014261656700558132
7,0.014286412631260521,0.014061278537189265
8,0.014113831567093667,0.013849553840705119
9,0.014387809975677013,0.013920647715171068