ParamValue,Train MSE,Test MSE
1,0.031952224307284345,0.021824860705058038
2,0.01911314942111906,0.017135192486544326
3,0.016462983940914024,0.015954256117713225
4,0.015724777877622685,0.016011311621593655
5,0.015367937847718999,0.015807873458883424
6,0.015186374902167687,0.0157431845490998
7,0.014963666050141378,0.015625526618417256
8,0.014739209024265005,0.015941458794415147
9,0.014606678923312116,0.01591432685745997