ParamValue,Train MSE,Test MSE
1,0.016027870245180577,0.03170674098496499
2,0.014894781344237211,0.022409820980491064
3,0.01420753070827837,0.02261136138410247
4,0.014167129308557944,0.02411849163162124
5,0.013815641440159978,0.024954843790011044
6,0.013823636844766424,0.023141900976065766
7,0.014649437143217535,0.020017721025571446
8,0.014467761388005753,0.018267465162547927
9,0.014361716140509056,0.016706959849080473