ParamValue,Train MSE,Test MSE
1,0.029129750270179073,0.054518411425190115
2,0.017883965469992446,0.0152871536888751
3,0.01654514642187787,0.017545796143991182
4,0.015601919252284727,0.02213864562287781
5,0.015068602041797042,0.021694748938160542
6,0.0148299093789958,0.022538687394472096
7,0.014658408452183271,0.01944445659354439
8,0.014560358329935007,0.021942594991579408
9,0.014430410148550576,0.022185602754311907