ParamValue,Train MSE,Test MSE
1,0.01727376604370933,0.018100999908416286
2,0.015134273640401394,0.015376958770331331
3,0.015063268502905366,0.01520747498204791
4,0.014992996558147875,0.015006916927043637
5,0.015404199406283698,0.015134349903445216
6,0.014423610106145427,0.014745368923566492
7,0.014363750066312913,0.01546470502412732
8,0.014350235009522929,0.015318273462603864
9,0.014103300070376176,0.015056679580184286