ParamValue,Train MSE,Test MSE
1,0.016485953813554558,0.017401216805723367
2,0.04865538521486966,0.017224918066252003
3,0.03017227299846141,0.016810871852540887
4,0.02325326165366551,0.015473467186993944
5,0.019837896238170383,0.016706562978753243
6,0.018386830899756564,0.016806765314614242
7,0.01725955079290166,0.016315455485363627
8,0.017128248473146784,0.015625997166808858
9,0.01647010800741522,0.01628872855472175