ParamValue,Train MSE,Test MSE
1,0.01645514646771724,0.01851731677315467
2,0.020465705691869375,0.017293380716317048
3,0.017477991936884117,0.016422599447061627
4,0.023840325063248412,0.03107261618164783
5,0.022299191391467885,0.028783439914464543
6,0.0234993122880463,0.02468600853864243
7,0.020646209705284198,0.023069563164439547
8,0.019123282057798688,0.019907610910097847
9,0.01829793428778361,0.019231855373477998