ParamValue,Train MSE,Test MSE
1,0.0173871583044841,0.017377665914963297
2,0.0158161946009936,0.01618085515290326
3,0.01521717672118017,0.015739832667346024
4,0.015008385818884182,0.01539111640885992
5,0.022387800316399416,0.015463863476042998
6,0.020280027139263187,0.015551947685271815
7,0.017886212703708645,0.015444878473635506
8,0.01701294006829675,0.01529732495302045
9,0.016425860796647446,0.015122421988105032