ParamValue,Train MSE,Test MSE
1,0.017697685565176584,0.018274326352827802
2,0.015547120289177756,0.0159933357488323
3,0.014929869535912573,0.015634578066229834
4,0.014780500461707032,0.015220573863456632
5,0.014524297319443371,0.01495975425024992
6,0.014368850155812041,0.014836136935816773
7,0.014326630392742989,0.014812178503257464
8,0.014305469571126873,0.014768345100891873
9,0.01429186866650863,0.014657307228236438