dataset,1,2,3
Train set,0.019672264468161303,0.02036971750820353,0.021550124803401884
Test  set,0.018722771497129035,0.019762232394330566,0.02094222717135133
57.52763485908508,94.557363986969,347.6986389160156