dataset,1,2,3
Train set,0.019998077081122362,0.019393448851124945,0.01911231655140226
Test  set,0.01946391855589925,0.018997569148934232,0.01897882581688665
59.655609130859375,88.5445327758789,232.87663412094116