dataset,1,2,3
Train set,0.019552680015306505,0.018959721477007894,0.019220426341890286
Test  set,0.02030513218275765,0.026604453503188033,0.020057370017424754
57.116159439086914,89.67374658584595,335.45792841911316