dataset,1,2,3
Train set,0.019793653514605443,0.019513445215397184,0.02085761200383842
Test  set,0.01846106409253022,0.01842362634595049,0.020117999502221474
61.012441873550415,89.23436260223389,486.6632192134857