ParamValue,Train MSE,Test MSE, Exec Time
10,0.12952839430632485,0.12461250338887035,3.036241054534912
15,0.10698996126753685,0.10895940163870936,3.2045717239379883
20,0.5313502914968152,0.5356431116491248,3.8253142833709717
25,1.782292836404177,0.72758275154523,4.18131422996521
30,0.70301514380117,0.530360858496673,5.298732042312622
35,4.527399455845571,6.325151691112141,5.376956224441528
40,0.35126146936204194,0.30100320568442196,6.329902172088623
45,114.56663405927775,18.67722858100438,7.671525955200195
50,8.812153216280642,31.295192361228725,8.21683120727539