ParamValue,Train MSE,Test MSE, Exec Time
10,0.10731159229566001,0.10899008569435872,2.994692325592041
15,0.0696034194563224,0.07150841111565402,3.2194411754608154
20,0.03909064022635539,0.03880402502026402,3.5689048767089844
25,1.189236259157639,1.1706437429914232,4.287539958953857
30,0.21736797310241737,0.428244112447533,4.622375726699829
35,8.632479494662466,11.79738769244007,5.804873704910278
40,2.179312323452634,4.128438111227742,6.252923488616943
45,34.9246235626613,157.5378640865665,6.663907289505005
50,5.945863974437153,18.499808079470906,7.780495882034302