ParamValue,Train MSE,Test MSE, Exec Time
10,0.043854897541467514,0.04475669758864844,3.62117862701416
15,0.511289315900386,0.3705652623755215,3.6867058277130127
20,0.5296912335173936,1.0346984940299109,3.837946891784668
25,0.8916096998585864,1.4554886931084985,4.396416664123535
30,8.732612057784108,32.02396568822399,4.84061861038208
35,0.9214973550977056,0.8803836677745353,6.412012815475464
40,0.601394029436299,0.6249835382427985,5.935847997665405
45,15.987721700707151,16.84529827469849,6.640561580657959
50,10.82959222479382,38.134403969189655,7.858102798461914