ParamValue,Train MSE,Test MSE, Exec Time
10,0.05157518447753726,0.051060777823484865,5.069741487503052
15,45.692048110504075,60.64276882396027,3.9175891876220703
20,1.1771863617544394,1.1667458072955974,4.049016952514648
25,2.5329033210524443,2.6970039610185825,4.441794395446777
30,0.4093906549343377,0.5729230231889666,5.122063398361206
35,0.17873168489503669,0.18915979716638512,5.073769807815552
40,6640.183151818706,10569.986296626921,6.208366632461548
45,25.92057221467771,60.264736598249456,7.987743377685547
50,1.3648969414477687,2.067797781230198,7.799084901809692