ParamValue,Train MSE,Test MSE, Exec Time
2,0.01714814861748726,0.018887267196683096,219.75853180885315
3,0.01669958759494296,0.020534241724519963,267.0678198337555
4,0.015446677346232337,0.09919694017871082,330.0047688484192
5,0.014680130904689843,0.11386688454394188,381.3585922718048
6,0.013107070445365748,0.02774581414990167,482.2466516494751