ParamValue,Train MSE,Test MSE, Exec Time
2,0.017900968296328326,0.01805415316066994,189.4269654750824
3,0.01638056979950724,0.016617862516628383,253.14380550384521
4,0.015658687541746298,0.01609941990122783,324.8092041015625
5,0.014335455865818823,0.016441615384983194,387.94692969322205
6,0.013224890448009913,0.014450007575291078,472.75749015808105