ParamValue,Train MSE,Test MSE, Exec Time
2,0.01800132866867526,0.01675180259273356,173.3503839969635
3,0.016618959027921012,0.016033633757183665,245.8620457649231
4,0.015455417939448053,0.016515496845307117,302.1056206226349
5,0.014577794263793818,0.015306307386005845,363.1111030578613
6,0.013320112537333869,0.03252147385599454,444.02915835380554