ParamValue,Train MSE,Test MSE, Exec Time
2,0.017824426953272247,0.017667195842964962,176.48665714263916
3,0.016598504508792127,0.016256266986202673,259.7432084083557
4,0.01595970801063308,0.015783549178621285,327.5332074165344
5,0.014789044710622366,0.015023809770072533,381.8611972332001
6,0.013469696680773887,0.016179408835776836,469.7630443572998