ParamValue,Train MSE,Test MSE, Exec Time
2,0.017568084305146735,0.017256375656374615,166.6199471950531
3,0.016895181345416323,0.01854837899691,220.77491974830627
4,0.01562673945612237,0.01637654967766291,271.5927543640137
5,0.01450429353879997,0.018304960181158413,354.95084142684937
6,0.013224365984162103,0.014537978150860229,441.80891275405884