dataset,1,2,3
Train set,0.060496726601911646,0.05675801760520069,0.058733400841771484
Test  set,0.059288479074191866,0.056006947934646625,0.05773262999170656
167.9043571949005,279.44076013565063,723.3534262180328