dataset,1,2,3
Train set,0.059807433134124226,0.057343140901427364,0.05857040658397202
Test  set,0.05978763657434094,0.05687725241285491,0.05823524717659849
133.4982566833496,264.7563946247101,728.9421479701996