ParamValue,Train MSE,Test MSE, Exec Time
2,0.05593052296740877,0.05667154651105638,721.2200317382812
3,0.05421858332174218,0.1493932112389921,1750.0899872779846
4,0.050231125424834155,0.051497083243507796,2016.392024755478
5,0.04717605964208374,0.0844425931481731,2144.37828707695
6,0.04513481835534942,0.047797090649632785,2177.2367091178894
7,0.0415017787036091,15.219231978881703,2278.425451040268
8,0.03813338504598965,9.500442412040483,2410.3946495056152
9,0.03439191442114795,149.06300670513528,2676.072863340378
10,0.03117177687668539,633013.2564004437,3052.7194304466248