ParamValue,Train MSE,Test MSE, Exec Time
2,0.05585845116448832,0.054585248146409165,1040.560778617859
3,0.05422574384140291,0.05384319134310302,1773.655395269394
4,0.05046259784754727,3.8703460184457295,1936.1037411689758
5,0.048770662055711136,0.18445832338333568,2081.3538541793823
6,0.04566486825462301,8.521706447488079,2211.0267703533173
7,0.043091955937505554,0.27315786068441006,2321.63623547554
8,0.03915265418825983,0.6770011998322697,2524.597618341446
9,0.03525431577096909,5.517128378051514,2799.0500695705414
10,0.031621303771363324,2.206452657754885,3224.0630016326904