ParamValue,Train MSE,Test MSE, Exec Time
2,0.055670040882309896,0.057053944774827295,669.5914764404297
3,0.05349465468129615,0.05766447525348227,949.3780586719513
4,0.04999340146897223,0.0530705151125458,1212.6264595985413
5,0.04629810131990833,0.050945257392125486,1345.1438777446747
6,0.04479535636979009,1.1337327115167262,1436.5391561985016
7,0.04148963635025526,0.059105873166653174,1630.2119681835175
8,0.03828631000252555,29.546720637642416,1801.006756067276
9,0.03468466636500789,16.03204913276624,2213.85090136528
10,0.03056172154576272,760.6755718810097,2682.2081537246704