ParamValue,Train MSE,Test MSE, Exec Time
2,0.05695944484417101,0.056474494993504154,748.100435256958
3,0.053187290638760286,0.05191309922886455,978.4056942462921
4,0.05118771557126044,0.05046382600081004,1190.032592535019
5,0.04810403790450737,0.04890671392502154,1313.3022434711456
6,0.04539144952860366,1.1278078126812197,1474.4718878269196
7,0.04204739615234131,0.7289130367101567,1631.4943597316742
8,0.03912983745540124,0.050250773095926064,1874.3946533203125
9,0.03568416959292017,0.04388186365641971,2219.335677623749
10,0.03244103293968204,415.118206978059,2681.750489473343