ParamValue,Train MSE,Test MSE, Exec Time
2,0.05710443138506012,0.05740633180512975,635.0058391094208
3,0.05292154389537853,0.05462800916847035,966.5861566066742
4,0.050114464762959415,0.06022080931941574,1178.9205112457275
5,0.047793941759173744,0.0571571051291882,1320.813490152359
6,0.04452767322202056,1.3916833093953933,1432.9178400039673
7,0.04115302301361082,161.8112910446479,1646.8307247161865
8,0.038196330594090895,304781.8811043218,1869.3696846961975
9,0.035107716971181174,30.426722707104442,2223.962636232376
10,0.03210744261152219,1391884.8655282822,2702.6391706466675