ParamValue,Train MSE,Test MSE, Exec Time
2,0.05660126577558541,0.05592868880214217,1257.0569577217102
3,0.05399604229331418,0.05395990859894542,1804.9241409301758
4,0.05018538860491628,0.04993883141484755,1907.518428325653
5,0.047745949625989596,0.047728052622706324,2042.964518070221
6,0.04545438962882983,1.543460100524024,2068.924021959305
7,0.043051214932196644,0.051507441150691294,2208.6949033737183
8,0.039674954274832364,3.891786088620579,2435.991799354553
9,0.03599307507720641,2.289721992017507,2662.666904449463
10,0.032492809324689835,1.0028411241281123,3181.0233023166656