ParamValue,Train MSE,Test MSE
1,5.89751133899301e-05,4.9831043423153675e-05
2,1.9274327040312006e-05,1.66764874059863e-05
3,1.0139377986518725e-05,9.238118001642038e-06
4,7.3266665739479496e-06,6.7852916254243115e-06
5,6.69584018658585e-06,6.3392401973526954e-06
6,5.968683407333505e-06,5.407369762258337e-06
7,4.986945637705919e-06,4.5868842228660715e-06
8,4.473096922999067e-06,3.6127738614570716e-06
9,4.434627240801948e-06,3.2716712871966756e-06