ParamValue,Train MSE,Test MSE
1,3.2391956557760154e-05,2.7651920962295666e-05
2,1.1527810180030423e-05,1.1708907724976065e-05
3,6.88304651354664e-06,6.924157480268589e-06
4,4.577916384162762e-06,4.571428923906566e-06
5,4.9538667615498524e-06,4.845958671138535e-06
6,5.0809535807722635e-06,7.624567753209775e-06
7,4.3041876797584216e-06,6.125299022728071e-06
8,4.0093157149240155e-06,5.350538187610669e-06
9,3.8292190520871815e-06,4.6746504963291505e-06