ParamValue,Train MSE,Test MSE
1,2.7917311621113815e-06,3.416072474196476e-06
2,1.9064224927295085e-06,2.057063047931488e-06
3,2.212397439807952e-06,2.239441213001518e-06
4,2.184364491528705e-06,2.0857228798330636e-06
5,1.954255504125776e-06,1.746877268429068e-06
6,2.9141428476581673e-06,5.0828137487629515e-06
7,3.38318749251025e-06,5.288834880839594e-06
8,3.1521761491521816e-06,4.602905084609128e-06
9,2.5586945774983657e-06,3.7058305305602646e-06