ParamValue,Train MSE,Test MSE
1,3.20489139714435e-06,3.396072837851349e-06
2,5.345894916498297e-06,4.52575654771137e-06
3,6.5766791867589514e-06,3.882826770662131e-06
4,7.0805619297841245e-06,5.373141634725943e-06
5,5.129102825702032e-06,4.028973591428056e-06
6,7.086928120646911e-06,3.852284622426781e-06
7,0.016423245071225195,3.537934024347909e-06
8,0.012574964690106697,3.6532185366189227e-06
9,0.009936697339034515,3.809739268316233e-06