ParamValue,Train MSE,Test MSE
1,1.5781158880753862e-06,1.2773097430884465e-06
2,1.0746519867387944e-06,8.669198464904152e-07
3,6.609814410916045e-07,6.185754580207247e-07
4,2.4693506008100815e-06,1.7089795753133958e-06
5,2.3078831001765886e-06,1.8852853347069059e-06
6,2.0063600438109214e-06,1.7958599742381117e-06
7,1.8112567035706875e-06,1.6852760001530228e-06
8,1.8701332504473041e-06,1.6961758792245338e-06
9,2.116021897970682e-06,1.9976244994979264e-06