ParamValue,Train MSE,Test MSE
1,9.575714058827396e-06,6.559150218092203e-06
2,6.970797615362396e-06,3.5219336117145944e-06
3,5.593823078159526e-06,8.010283856157657e-06
4,6.126819674880985e-06,7.698616634789904e-06
5,5.1065972710408314e-05,6.762556200990283e-06
6,3.758727384176962e-05,6.809753475697826e-06
7,2.811363189739168e-05,5.5206445854771036e-06
8,2.3502441274508734e-05,7.067765964884838e-06
9,1.9854397350013498e-05,6.922812018394236e-06