ParamValue,Train MSE,Test MSE
1,3.5402589840984486e-06,3.6792809482020593e-06
2,8.938913715487225e-06,9.208758393830794e-06
3,5.099404431660902e-06,5.3392693546187435e-06
4,4.011216556457826e-06,4.347318323000372e-06
5,2.1503089002945554e-05,3.2638971276595435e-05
6,1.504228227742526e-05,2.2455341155815712e-05
7,1.1762093351491629e-05,1.7332202287566668e-05
8,9.704699427013459e-06,1.41297106780906e-05
9,8.231981996351644e-06,1.1665723253758723e-05