ParamValue,Train MSE,Test MSE
1,1.081631758135882e-05,1.0998361123151223e-05
2,4.362973220010564e-06,4.995992095092031e-06
3,3.945693164363216e-06,4.686762565420145e-06
4,4.2940742713992545e-06,5.021795672522339e-06
5,4.872580597718912e-06,5.443595127204589e-06
6,6.7282452734437085e-06,7.1248777003089775e-06
7,5.816045404366499e-06,6.11318641919145e-06
8,5.132143037302174e-06,5.380394772343285e-06
9,5.169405202343632e-06,5.525286180945757e-06