ParamValue,Train MSE,Test MSE
1,2.6240195562605348e-05,5.881437259880372e-05
2,1.153138386913004e-05,4.47331569882913e-05
3,5.270857411867448e-06,0.417088926220546
4,1.3201616084637488e-05,0.2346140783136936
5,8.978974786367493e-06,0.1501560820006607
6,7.141583430008772e-06,0.1042774919473632
7,6.262389856993169e-06,0.076619588517434
8,5.812896135403827e-06,0.05867096468504604
9,5.489619289723706e-06,0.04636152641111456