ParamValue,Train MSE,Test MSE
1,7.347331873042913e-06,4.601806105402501e-06
2,1.3849862945238827e-05,4.971700438141638e-06
3,9.897984888725165e-06,5.493422124860815e-06
4,8.617261761251804e-06,5.1479593568811566e-06
5,5.8080223435790465e-06,3.5369952557809995e-06
6,4.806371081322699e-06,3.474529370781422e-06
7,3.982684434640369e-06,2.7393011782475284e-06
8,4.050305890937393e-06,3.2418913169908457e-06
9,4.0990127472668745e-06,3.5533185176607027e-06