ParamValue,Train MSE,Test MSE
1,2.5839426296968484e-05,1.216960340178341e-05
2,8.552003717563775e-06,5.4780310156790835e-06
3,5.4001661728046255e-06,4.019300636183374e-06
4,3.944308043188784e-06,3.140959280125114e-06
5,3.1518336537115933e-06,2.655991337446019e-06
6,2.991364398217217e-06,2.6549798301336456e-06
7,2.3604060720047107e-06,2.1103103641004092e-06
8,2.0403392853458e-06,1.872338668976349e-06
9,1.935811797350321e-06,1.809619791085733e-06