ParamValue,Train MSE,Test MSE
1,3.834646850611859e-06,4.339466750104302e-06
2,1.0202971828711765e-05,1.2970491862793289e-05
3,9.030837011937641e-06,1.0509700045964218e-05
4,1.0029725089072231e-05,1.1741294119816889e-05
5,7.028064833416741e-06,7.999620601359943e-06
6,5.672708918762803e-06,6.3079861850406955e-06
7,6.17931127792444e-06,6.737726078716683e-06
8,5.524803644932879e-06,5.923063367474146e-06
9,4.846389826722299e-06,6.126805596314229e-06