ParamValue,Train MSE,Test MSE
1,8.760807403066303e-05,1.986870925251254e-05
2,2.845598271313314e-05,1.11167698044409e-05
3,1.7618307387093572e-05,9.391678518444259e-06
4,1.4037557123988657e-05,9.351338063475772e-06
5,1.194285138441556e-05,8.44272770939384e-06
6,9.58248553860143e-06,6.678726785106028e-06
7,1.0388362823045465e-05,7.82515752027931e-06
8,8.46680809359103e-06,6.418924318123069e-06
9,7.4307939173403395e-06,5.684432323490119e-06