ParamValue,Train MSE,Test MSE
1,4.294541675731325e-06,3.991077667130351e-06
2,5.855943985780803e-06,2.1574966323996307e-06
3,4.127135702735217e-06,2.340069215277686e-06
4,3.2671234072155186e-06,2.2226585340120275e-06
5,2.1666303391358194e-06,1.488654506357762e-06
6,3.3096385380326695e-06,1.2075955648769994e-06
7,4.244232003790439e-06,1.3506587845030436e-06
8,3.72965748321992e-06,1.4746122715480235e-06
9,3.6797226722761876e-06,1.8556414925201687e-06