ParamValue,Train MSE,Test MSE
1,8.64531452340151e-06,4.611364346998567e-06
2,0.004755143967006783,3.867561057428589e-06
3,0.002115334486130318,3.868807355750269e-06
4,0.0011904929094423992,2.8124282379810884e-06
5,0.0007630644818888623,3.0408496867564227e-06
6,0.0005310498154189078,3.257457703267332e-06
7,0.00039175041774811,3.987700946708305e-06
8,0.00030055933815900605,3.703752396868459e-06
9,0.0002378343076726045,3.2820728738575836e-06