ParamValue,Train MSE,Test MSE
1,3.878769622169097e-07,3.762049094714282e-07
2,4.472243140271597e-06,4.28030183018727e-06
3,3.55467701562598e-06,3.3449796937917845e-06
4,2.7342876979511633e-06,2.5756440998498963e-06
5,2.2692053696790702e-06,2.249733964019443e-06
6,3.030934985998464e-06,2.905913376951535e-06
7,3.0401811413972485e-06,3.4520653625723023e-06
8,3.859637933067351e-06,3.878060440983406e-06
9,4.317855585175753e-06,4.076615869612619e-06