dataset,1,2,3
Train set,0.0005286809098213265,0.00022251778054652982,0.0008843679260063296
Test  set,0.0005131247260616131,0.00022053000157473183,0.0008869930397903616
89.60609126091003,145.79952120780945,884.8966238498688