dataset,1,2,3
Train set,0.00587458552821545,0.0003135709421718827,0.0004027142387017694
Test  set,0.005941105149374865,0.00031686264797822056,0.0004241586092450315
81.72226810455322,116.7518036365509,705.5437381267548