ParamValue,Train MSE,Test MSE, Exec Time
10,0.32282787478962444,0.32280025463915085,7.495652675628662
15,0.07201221192569873,0.07041612985990162,3.701465368270874
20,0.02624197526180778,0.027525912547935825,4.286969900131226
25,0.04187652966366042,0.04388025269184334,5.315858602523804
30,0.0007706986785771244,0.0007834497976426556,4.630861282348633
35,0.0016716322499808062,0.0016684217740019882,4.687730312347412
40,0.0007820636397832967,0.0008393002032334853,4.343048334121704
45,0.0026776752245399045,0.0027222228352022314,4.901458978652954
50,0.0021894886960423933,0.0021843728245862447,4.4899208545684814