ParamValue,Train MSE,Test MSE, Exec Time
10,0.044558441040295355,0.04488620859705074,7.463447570800781
15,0.007263455162732146,0.007183198202550469,4.176392316818237
20,0.11706482710259002,0.12127070815056942,3.7920422554016113
25,0.0011632561427239179,0.0012412034047174316,5.247029542922974
30,0.0015267480947754033,0.001602787208253263,4.530432224273682
35,0.0009624267809216608,0.0009604101652462789,4.603395462036133
40,0.0007594780003576938,0.0007706202648991981,5.4926111698150635
45,0.0008429692483288852,0.0008988546669552908,4.866867542266846
50,0.0001887892680403369,0.00020571131131235312,4.552988052368164