ParamValue,Train MSE,Test MSE, Exec Time
2,4.945393501996211e-05,5.0350743697619036e-05,595.9771866798401
3,5.378113114883062e-06,1.9944570653228075e-05,787.4018924236298
4,3.297532917748902e-06,1.7629537511334155e-05,941.4432747364044
5,3.1993126500428997e-07,1.4439672350587972e-05,1066.2699427604675
6,1.3737756090843775e-07,1.4228631477435677e-05,1184.6771953105927