ParamValue,Train MSE,Test MSE, Exec Time
2,0.00018853027501996715,0.00018985167851131823,598.2033977508545
3,1.1939288902024425e-05,1.1824308735613979e-05,843.5358893871307
4,2.2138366109201517e-06,2.233942739191289e-06,947.7103328704834
5,4.661768493317807e-07,5.155380774083837e-07,1089.0641865730286
6,7.893509336776914e-07,7.796811733680241e-07,1135.1219108104706