ParamValue,Train MSE,Test MSE, Exec Time
2,5.581863827173985e-05,5.78586633966131e-05,589.6129925251007
3,1.0701385218439739e-05,1.1397893813862865e-05,832.6839256286621
4,3.41517971654489e-06,3.825416253826766e-06,955.6484644412994
5,1.3711084074042371e-06,1.349305607419385e-06,1068.840627193451
6,3.218918178389287e-07,2.906768107542784e-07,1153.119125843048