dataset,1,2,3
Train set,0.0014121136875655852,0.0013712676294219553,0.0013773232265970577
Test  set,0.001498343602216847,0.001443697655807326,0.001447728176052828
110.83029437065125,176.36089754104614,382.73220109939575