ParamValue,Train MSE,Test MSE, Exec Time
2,0.001444910962303,0.0015162742969476806,626.0166001319885
3,0.0011735209801617202,0.0012456432109244641,719.8381609916687
4,0.0011137266993752725,0.0011786789910556933,879.4065570831299
5,0.0010070070913643955,0.0011049456979183082,795.8192839622498
6,0.0009600957064412268,0.0011633962319889386,971.8566753864288