ParamValue,Train MSE,Test MSE, Exec Time
2,0.0013092544471984767,0.0012721330543273045,799.6918079853058
3,0.001227358364035328,0.001217541282940253,879.5318737030029
4,0.001123230680095381,0.0011204397284783917,846.4857013225555
5,0.001040496960918135,0.001065052671677939,1015.1088197231293
6,0.0009718696213565289,0.0011275882726268784,1056.12899184227