ParamValue,Train MSE,Test MSE, Exec Time
2,0.0013098257824446953,0.0013194875331003662,621.0760114192963
3,0.0011763183790763658,0.0011796728132611603,888.8020551204681
4,0.0011074709661695664,0.0011482407541373205,964.1682181358337
5,0.0010449913800354234,0.0011104908396380314,953.4307837486267
6,0.0009678903977252809,0.0010999032361297648,1076.6435987949371