ParamValue,Train MSE,Test MSE, Exec Time
2,0.0012611324744252251,0.001324320213468278,688.9372918605804
3,0.0011566793170209443,0.0012165429892997813,757.0652425289154
4,0.0010841855723150145,0.001163912119369047,961.4926166534424
5,0.001011881846742069,0.0010877265668112206,933.4523932933807
6,0.000944782658938587,0.0011324116927380562,1156.7682390213013