ParamValue,Train MSE,Test MSE, Exec Time
2,0.001297540314629991,0.0013090296110643842,606.2051978111267
3,0.0011654589540938383,0.0012209954837247355,825.1327133178711
4,0.0011396689902805031,0.0011887723542303786,802.8894431591034
5,0.0010131555566121047,0.001113845982738697,988.4016087055206
6,0.0009708377203895439,0.001113778156746333,1129.933227300644