dataset,1,2,3
Train set,0.006912972970548365,0.002803242530459263,0.0017443131605250693
Test  set,0.006666996900809972,0.002754994968085294,0.0017311852316424109
64.8652446269989,117.18892693519592,457.73217487335205