dataset,1,2,3
Train set,0.00688081074640992,0.0028914398838235833,0.003249271418920544
Test  set,0.006793177141017727,0.002909901818907658,0.003245511410262109
63.34340286254883,145.4403600692749,1189.495949268341