ParamValue,Train MSE,Test MSE, Exec Time
10,0.02429870511028237,0.024533770382110257,9.128361225128174
15,0.10622606627226765,0.10886226811591088,6.306664943695068
20,0.014945859595469253,0.014938485876728984,4.987769842147827
25,0.010204820415859003,0.010055997890143433,6.743482351303101
30,0.005845681982445263,0.006062902269828998,6.175588130950928
35,0.012784151869804264,0.012987095333108054,6.090750455856323
40,0.02696822612106693,0.027435542572149158,5.261092185974121
45,0.004677859184280976,0.004598057606722612,7.188960790634155
50,0.006925154926447746,0.0067062283047165105,5.681292772293091