ParamValue,Train MSE,Test MSE, Exec Time
2,0.0023933952696020763,0.0024469460553836427,455.18242859840393
3,0.0019117196762862183,0.0019460019748740339,658.9755382537842
4,0.0018001030041461365,0.0018913114219827904,786.4204254150391
5,0.0010730104673260274,0.0010832413428543133,905.3903172016144
6,0.0015759665010958936,0.0016327338092275634,1040.6500129699707
7,0.0011058640263278232,0.001163443722522007,1230.365952014923
8,0.0011365191657183892,0.001306755780568475,1512.7774500846863
9,0.001029682146447963,0.001442048170306654,1957.1446533203125
10,0.0009777613543736745,0.001693063227943734,2549.9231326580048