ParamValue,Train MSE,Test MSE, Exec Time
2,0.003105819317839105,0.0031049961423983098,560.9753057956696
3,0.0015783133653119916,0.0015687518528278873,817.273820400238
4,0.0011803163449201563,0.0011744293564287722,1092.2897622585297
5,0.001260905956311019,0.001259063402818983,1296.8344399929047
6,0.0011877309439694268,0.0011994925338452342,1335.8319823741913
7,0.0011365783330306932,0.0011957384761371041,1665.2235083580017
8,0.0011194887664016787,0.0012513959063655945,1973.3943288326263
9,0.0010532365800723527,0.0013839510378264987,2288.478296518326
10,0.0009769115739916964,0.0016183624435746513,2945.565959215164