dataset,1,2,3
Train set,0.0014350532521354578,0.001444917690583459,0.0014064837591262955
Test  set,0.0014210052365048558,0.0014080597157500373,0.001386965758088689
95.95246505737305,115.70547127723694,354.8216848373413