dataset,1,2,3
Train set,0.0014330702224804586,0.001384149623904741,0.0014107683802466054
Test  set,0.0015114861228918963,0.0014485551951390677,0.0014604746028366682
134.86280870437622,191.06244921684265,818.6003589630127