ParamValue,Train MSE,Test MSE, Exec Time
10,0.11104808817572574,0.10700516048439015,17.21262264251709
15,0.015305396245048258,0.01777484978127995,6.45838475227356
20,0.01614731037240925,0.018095885230936474,5.829253196716309
25,0.003667260382081872,0.003827249610992384,5.696354150772095
30,0.002847638722939451,0.002850879038171304,8.517298698425293
35,0.003682530106395895,0.0038145754384695894,7.671112775802612
40,0.002239757400256179,0.00228497049521277,6.917531728744507
45,0.002096366839856368,0.0022030544825322605,7.576984643936157
50,0.006523509068072421,0.006662064914893513,6.17265772819519