ParamValue,Train MSE,Test MSE, Exec Time
10,0.021615062973935728,0.020334120889268996,15.949879169464111
15,0.004091010852319275,0.004069647360330868,6.6143083572387695
20,0.009233059089493395,0.008317818637076712,5.743362903594971
25,0.11605203686593119,0.09864663033094768,6.389339923858643
30,0.002640475023790672,0.0026280676123714057,6.357186317443848
35,0.0023292894249926804,0.0023106085372999216,6.9986395835876465
40,0.003944668417373196,0.004331225508098909,7.729933977127075
45,0.003688472657264281,0.0034999549274516914,8.231570482254028
50,0.001721409353511466,0.0016552850890647,9.985640048980713