ParamValue,Train MSE,Test MSE, Exec Time
10,0.043627012085448155,0.04292059569513613,15.896626949310303
15,0.01008156203524712,0.010256372693760769,8.500091791152954
20,0.00393661143238616,0.004043012681805389,6.164865970611572
25,0.0025747062723159944,0.002552268384493441,6.235023260116577
30,0.003163913922019261,0.003271958463967419,7.842603921890259
35,0.004001582967511076,0.0040421132860423295,9.221951961517334
40,0.0027451487423671133,0.0028232902372241227,8.00145936012268
45,0.0027935339555191156,0.0027715776591715788,7.975271940231323
50,0.004583990657755838,0.004716477489982578,6.55109977722168